"graph","HNs","HEs","pins","avgHEsize","sdHEsize","minHEsize","heSize90thPercentile","Q1HEsize","medHEsize","Q3HEsize","maxHEsize","avgHNdegree","sdHNdegree","minHnDegree","hnDegree90thPercentile","maxHnDegree","Q1HNdegree","medHNdegree","Q3HNdegree","density"
"192bit.mtx.hgr",13682,13691,154303,11.2704,1.34917,7,13,10,11,12,16,11.2778,107.484,0,14,6893,2,4,7,1.00066
"2cubes_sphere.mtx.hgr",101492,101492,1647264,16.2305,2.6537,5,19,13,16,19,31,16.2305,2.6537,5,19,31,13,16,19,1
"2D_54019_highK.mtx.hgr",54019,54019,996414,18.4456,6.92217,6,21,15,18,21,1426,18.4456,3.10906,6,21,164,15,19,21,1
"3Dspectralwave2.mtx.hgr",292008,292008,7307376,25.0246,11.8003,1,43,16,23,30,60,25.0246,11.8003,1,43,60,16,23,30,1
"ABACUS_shell_hd.mtx.hgr",23412,23412,218484,9.33214,1.30866,6,9,9,9,9,15,9.33214,1.30866,6,9,15,9,9,9,1
"af23560.mtx.hgr",23560,23560,484256,20.5542,1.27075,11,21,21,21,21,21,20.5542,1.46326,10,21,21,21,21,21,1
"af_4_k101.mtx.hgr",503625,503625,17550675,34.8487,1.25658,15,35,35,35,35,35,34.8487,1.25658,15,35,35,35,35,35,1
"af_shell1.mtx.hgr",504855,504855,17588875,34.8395,1.27522,20,35,35,35,35,40,34.8395,1.27522,20,35,40,35,35,35,1
"airfoil_2d.mtx.hgr",14214,14214,259688,18.2699,3.94821,1,20,18,19,20,23,18.2699,2.92314,4,20,23,18,19,20,1
"Andrews.mtx.hgr",60000,60000,760154,12.6692,3.41445,9,17,10,12,14,36,12.6692,3.41445,9,17,36,10,12,14,1
"appu.mtx.hgr",14000,14000,1853104,132.365,36.4945,12,177,110,132,155,294,132.365,36.4945,12,177,294,110,132,155,1
"as-22july06.mtx.hgr",22963,22963,96872,4.21861,32.9424,1,5,1,2,2,2390,4.21861,32.9424,1,5,2390,1,2,2,1
"as-caida.mtx.hgr",31379,26475,106762,4.03256,33.3742,1,4,1,2,2,2628,3.40234,30.6905,0,4,2628,1,2,2,0.843717
"astro-ph.mtx.hgr",16706,16046,242502,15.1129,21.2247,1,39,3,7,19,360,14.5159,21.0085,0,39,360,3,6,18,0.960493
"atmosmodj.mtx.hgr",1270432,1270432,8814880,6.93849,0.244858,4,7,7,7,7,7,6.93849,0.244858,4,7,7,7,7,7,1
"av41092.mtx.hgr",41092,41092,1683902,40.9788,167.038,2,54,5,5,11,2135,40.9788,96.9371,2,82,664,6,10,16,1
"barrier2-1.mtx.hgr",113076,113076,3805068,33.6505,24.9358,10,51,21,30,42,7031,33.6505,24.9358,10,51,7031,21,30,42,1
"Baumann.mtx.hgr",112211,112211,760631,6.77858,0.433105,4,7,7,7,7,7,6.77858,0.433105,4,7,7,7,7,7,1
"bayer04.mtx.hgr",20545,20545,159082,7.7431,8.16467,1,14,3,5,12,34,7.7431,10.9333,1,19,43,2,3,12,1
"bbmat.mtx.hgr",38744,38744,1771722,45.7289,38.3953,6,109,17,21,88,126,45.7289,39.1061,8,109,132,19,21,90,1
"bcsstk29.mtx.hgr",13992,13992,619488,44.2744,15.641,5,54,41,51,54,71,44.2744,15.641,5,54,71,41,51,54,1
"BenElechi1.mtx.hgr",245874,245874,13150496,53.4847,2.99507,1,54,54,54,54,54,53.4847,2.99507,1,54,54,54,54,54,1
"bibd_49_3.mtx.hgr",18424,1176,55272,47,0,47,47,47,47,47,47,3,0,3,3,3,3,3,3,0.0638298
"bips07_1998.mtx.hgr",15066,15066,62198,4.12837,2.99388,1,8,2,3,6,27,4.12837,3.39608,1,8,191,2,3,6,1
"bloweya.mtx.hgr",30004,30004,150009,4.99963,57.7629,2,8,2,4,8,10001,4.99963,57.7629,2,8,10001,2,4,8,1
"bundle1.mtx.hgr",10581,10581,770901,72.8571,198.797,17,73,24,31,45,1711,72.8571,198.797,17,73,1711,24,31,45,1
"c-55.mtx.hgr",32780,32780,403450,12.3078,24.4989,2,32,2,6,12,2920,12.3078,24.4989,2,32,2920,2,6,12,1
"c-61.mtx.hgr",43618,43618,310016,7.10752,16.7598,2,15,2,4,8,2830,7.10752,16.7598,2,15,2830,2,4,8,1
"c-64.mtx.hgr",51035,51035,717841,14.0657,153.473,2,21,2,5,15,9474,14.0657,153.473,2,21,9474,2,5,15,1
"ca-CondMat.mtx.hgr",23133,23133,186936,8.08092,10.636,1,18,3,5,9,280,8.08092,10.636,1,18,280,3,5,9,1
"cage10.mtx.hgr",11397,11397,150645,13.218,3.9837,5,19,11,13,16,25,13.218,3.9837,5,19,25,11,13,16,1
"case39.mtx.hgr",40216,40216,1042160,25.9141,316.226,1,42,4,11,33,20024,25.9141,316.226,1,42,20024,4,11,33,1
"ccc.mtx.hgr",49152,49152,147456,3,0,3,3,3,3,3,3,3,0,3,3,3,3,3,3,1
"cfd1.mtx.hgr",70656,70656,1828364,25.877,2.97203,12,27,27,27,27,33,25.877,2.97203,12,27,33,27,27,27,1
"Chebyshev4.mtx.hgr",68121,68121,5377761,78.9442,1061.44,9,25,25,25,25,68121,78.9442,7.40935,9,81,81,81,81,81,1
"Chem97Zt.mtx.hgr",31022,2541,62044,24.4172,69.6373,1,37,4,9,19,969,2,0,2,2,2,2,2,2,0.0819096
"circuit_3.mtx.hgr",12127,12127,48137,3.96941,21.0469,1,6,2,4,5,2305,3.96941,51.6456,1,6,5682,1,4,5,1
"ckt11752_dc_1.mtx.hgr",49702,49702,333029,6.70052,23.2205,1,9,4,5,6,2921,6.70052,23.5294,1,9,2921,4,5,6,1
"cnr-2000.mtx.hgr",325557,247501,3216152,12.9945,22.6785,1,33,2,6,19,2716,9.87892,218.496,1,10,18235,1,2,4,0.760239
"conf5_4-8x8-05.mtx.hgr",49152,49152,1916928,39,0,39,39,39,39,39,39,39,0,39,39,39,39,39,39,1
"copter1.mtx.hgr",17222,17222,211064,12.2555,5.74965,4,19,7,10,19,19,12.2555,5.74965,4,19,19,7,10,19,1
"coupled.mtx.hgr",11341,11341,98523,8.68733,30.0919,1,18,4,5,10,3090,8.68733,30.0919,1,18,3090,4,5,10,1
"crashbasis.mtx.hgr",160000,160000,1750416,10.9401,0.420847,6,11,11,11,11,11,10.9401,6.96557,4,18,18,4,6,18,1
"cryg10000.mtx.hgr",10000,10000,49699,4.9699,0.172609,3,5,5,5,5,5,4.9699,0.223146,3,5,6,5,5,5,1
"crystk02.mtx.hgr",13965,13965,968583,69.3579,14.8306,24,81,54,81,81,81,69.3579,14.8306,24,81,81,54,81,81,1
"dac2012_superblue11.hgr",952507,935731,3069269,3.28008,10.5186,1,4,2,2,3,3602,3.22231,6.91501,1,5,1983,2,3,4,0.982388
"dac2012_superblue12.hgr",1291931,1293436,4773600,3.69063,20.9376,1,5,2,2,3,8488,3.69493,2.14454,1,5,1006,3,4,5,1.00116
"dac2012_superblue14.hgr",630802,619815,2048903,3.30567,16.171,1,5,2,2,3,8871,3.24809,4.65887,1,5,1023,2,3,5,0.982582
"dac2012_superblue16.hgr",698339,697458,2280417,3.26961,9.05188,1,5,2,2,3,2367,3.26549,6.05887,1,5,1016,2,3,4,0.998738
"dac2012_superblue19.hgr",522482,511685,1713796,3.34932,27.1748,1,4,2,2,3,9155,3.28011,5.91673,1,5,1507,2,3,4,0.979335
"dac2012_superblue2.hgr",1010321,990899,3227167,3.25681,10.7765,1,5,2,2,3,2048,3.1942,5.54658,1,5,1317,2,3,4,0.980776
"dac2012_superblue3.hgr",917944,898001,3109446,3.46263,15.2848,1,4,2,2,2,2527,3.3874,5.24321,1,5,2245,2,4,4,0.978274
"dac2012_superblue6.hgr",1011662,1006629,3387521,3.36521,14.0921,1,4,2,2,3,7601,3.34847,4.06186,1,5,1689,2,3,4,0.995025
"dac2012_superblue7.hgr",1360217,1340418,4931418,3.67902,16.7619,1,5,2,2,3,5310,3.62546,3.09851,1,5,849,2,4,5,0.985444
"dac2012_superblue9.hgr",844332,833808,2898403,3.4761,23.5285,1,4,2,2,3,7772,3.43278,4.74793,1,5,1265,2,3,4,0.987536
"deltaX.mtx.hgr",21961,68600,247424,3.60676,5.86925,3,3,3,3,3,83,11.2665,10.0681,3,29,39,4,6,20,3.12372
"denormal.mtx.hgr",89400,89400,1156224,12.9332,0.473841,6,13,13,13,13,13,12.9332,0.473841,6,13,13,13,13,13,1
"dictionary28.mtx.hgr",52652,39327,178076,4.52809,4.64943,1,11,1,3,6,38,3.38213,4.47461,0,9,38,0,2,4,0.746923
"dielFilterV2clx.mtx.hgr",607232,607232,25309272,41.6797,17.553,8,74,32,32,50,158,41.6797,17.553,8,74,158,32,32,50,1
"d_pretok.mtx.hgr",182730,182730,1641672,8.98414,2.74946,2,11,5,11,11,11,8.98414,2.74946,2,11,11,5,11,11,1
"Dubcova2.mtx.hgr",65025,65025,1030225,15.8435,5.76218,4,25,9,15,15,25,15.8435,5.76218,4,25,25,9,15,15,1
"ecl32.mtx.hgr",51993,51993,380415,7.31666,3.35036,1,10,7,8,9,23,7.31666,3.38317,1,10,22,7,8,9,1
"ecology1.mtx.hgr",1000000,1000000,4996000,4.996,0.0631823,3,5,5,5,5,5,4.996,0.0631823,3,5,5,5,5,5,1
"Emilia_923.mtx.hgr",923136,923136,41005206,44.4195,3.72074,15,45,45,45,45,57,44.4195,3.72074,15,45,57,45,45,45,1
"epb1.mtx.hgr",14734,14734,95053,6.45127,0.577655,3,7,6,6,7,7,6.45127,2.47708,3,9,9,4,6,9,1
"ESOC.mtx.hgr",37830,327062,6019939,18.4061,0.782719,8,19,18,18,19,19,159.131,1093.14,0,64,12090,12,16,29,8.64557
"EternityII_A.mtx.hgr",150638,7362,782087,106.233,129.116,1,96,86,92,94,780,5.19183,0.638964,1,6,6,5,5,6,0.0488721
"ex19.mtx.hgr",12005,12005,259879,21.6476,12.2864,1,40,15,18,30,50,21.6476,12.2864,1,40,50,15,18,30,1
"F2.mtx.hgr",71505,71505,5294285,74.0408,37.5485,22,111,54,69,81,345,74.0408,37.5485,22,111,345,54,69,81,1
"fd18.mtx.hgr",16428,16428,63406,3.85963,1.42601,1,6,3,3,6,6,3.85963,1.09112,1,5,8,3,4,5,1
"fem_filter.mtx.hgr",74062,74062,1731206,23.3751,66.3067,5,19,13,16,18,565,23.3751,66.3067,5,19,565,13,16,18,1
"finan512.mtx.hgr",74752,74752,596992,7.9863,6.2778,3,13,5,7,9,55,7.9863,6.2778,3,13,55,5,7,9,1
"flower_7_4.mtx.hgr",67593,27693,202218,7.30213,2.19078,1,10,6,7,9,15,2.9917,0.0907237,2,3,3,3,3,3,0.409702
"foldoc.mtx.hgr",13356,13356,120238,9.00255,3.77526,3,13,7,8,10,102,9.00255,14.391,0,13,720,5,7,9,1
"Franz11.mtx.hgr",30144,47104,329728,7,0,7,7,7,7,7,7,10.9384,4.78435,8,20,20,8,8,12,1.56263
"G2_circuit.mtx.hgr",150102,150102,726674,4.8412,0.639641,2,5,5,5,5,6,4.8412,0.639641,2,5,6,5,5,5,1
"G67.mtx.hgr",10000,10000,40000,4,0,4,4,4,4,4,4,4,0,4,4,4,4,4,4,1
"g7jac040sc.mtx.hgr",11790,11790,114671,9.72612,14.5927,2,17,3,5,9,120,9.72612,13.5228,2,27,99,3,4,9,1
"garon2.mtx.hgr",13535,13535,390607,28.859,10.8196,5,45,22,22,45,45,28.859,10.8196,5,45,45,22,22,45,1
"gearbox.mtx.hgr",153746,153746,9080404,59.0611,15.4095,6,81,54,54,72,99,59.0611,15.4095,6,81,99,54,54,72,1
"gemat1.mtx.hgr",10595,4929,47369,9.61027,70.1629,4,13,6,8,10,4928,4.47088,3.22068,1,8,28,2,4,6,0.465219
"graphics.mtx.hgr",11822,29493,117954,3.99939,0.024697,3,4,4,4,4,4,9.9775,9.90043,3,24,87,3,3,18,2.49476
"gupta3.mtx.hgr",16783,16783,9323427,555.528,1233.52,33,577,196,327,468,14672,555.528,1233.52,33,577,14672,196,327,468,1
"gyro.mtx.hgr",17361,17361,1021159,58.8191,32.0506,12,93,42,54,69,360,58.8191,32.0506,12,93,360,42,54,69,1
"H2O.mtx.hgr",67024,67024,2216736,33.0738,4.80106,14,37,31,35,37,37,33.0738,4.80106,14,37,37,31,35,37,1
"Hamrle3.mtx.hgr",1447360,1447360,5514242,3.80986,1.55149,2,5,2,5,5,6,3.80986,2.08401,2,5,9,2,2,5,1
"HEP-th.mtx.hgr",27240,24541,342437,13.9537,16.1256,1,32,4,9,19,562,12.5711,39.3974,0,29,2357,1,4,12,0.900918
"HTC_336_9129.mtx.hgr",226340,226340,883422,3.90308,31.8842,1,6,2,3,4,7394,3.90308,31.8842,1,6,7394,2,3,4,1
"human_gene2.mtx.hgr",14340,14340,18068388,1260,1375.14,1,3513,189,750,1850,7229,1260,1375.14,1,3513,7229,189,750,1850,1
"hvdc1.mtx.hgr",24842,24842,159981,6.43994,3.61747,2,10,4,6,8,181,6.43994,2.93599,2,10,40,4,6,8,1
"IG5-17.mtx.hgr",27944,30162,1035008,34.315,30.8102,1,60,10,29,58,120,37.0386,85.0057,0,115,1216,0,2,35,1.07937
"Ill_Stokes.mtx.hgr",20896,20896,191368,9.15812,1.6444,3,12,9,9,9,12,9.15812,1.56235,3,12,12,9,9,9,1
"image_interp.mtx.hgr",120000,232485,711683,3.0612,1.99648,1,5,1,5,5,5,5.93069,0.254469,4,6,6,6,6,6,1.93738
"IMDB.mtx.hgr",896308,303617,3782463,12.458,16.8285,1,29,3,8,15,1334,4.22005,13.0363,0,8,1590,1,1,2,0.338742
"ISPD98_ibm01.hgr",12752,14111,50566,3.58345,3.3426,2,7,2,2,4,42,3.96534,2.32884,1,7,39,2,3,5,1.10657
"ISPD98_ibm02.hgr",19601,19584,81199,4.14619,5.45215,2,9,2,2,5,134,4.14259,2.29155,1,6,69,2,4,6,0.999133
"ISPD98_ibm03.hgr",23136,27401,93573,3.41495,3.10681,2,6,2,2,3,55,4.04448,3.44833,1,6,100,2,3,5,1.18434
"ISPD98_ibm04.hgr",27507,31970,105859,3.3112,2.92331,2,6,2,2,3,46,3.84844,4.65442,1,7,526,2,3,5,1.16225
"ISPD98_ibm05.hgr",29347,28446,126308,4.44027,4.29145,2,13,2,2,5,17,4.30395,2.3538,1,9,9,3,4,5,0.969298
"ISPD98_ibm06.hgr",32498,34826,128182,3.68064,3.27775,2,8,2,2,4,35,3.9443,1.84184,1,6,91,2,4,5,1.07164
"ISPD98_ibm07.hgr",45926,48117,175639,3.65025,3.04942,2,7,2,2,4,25,3.82439,2.41458,1,6,98,2,3,5,1.04771
"ISPD98_ibm08.hgr",51309,50513,204890,4.05618,5.00773,2,7,2,2,4,75,3.99326,6.18049,1,6,1165,3,3,5,0.984486
"ISPD98_ibm09.hgr",53395,60902,222088,3.64665,3.13265,2,7,2,2,4,39,4.15934,3.22331,1,7,173,2,4,5,1.14059
"ISPD98_ibm10.hgr",69429,75196,297567,3.95722,3.55991,2,9,2,2,4,41,4.28592,3.21805,1,7,137,2,4,6,1.08306
"ISPD98_ibm11.hgr",70558,81454,280786,3.44717,2.59879,2,6,2,2,4,24,3.97951,3.17323,1,7,174,2,3,5,1.15443
"ISPD98_ibm12.hgr",71076,77240,317760,4.11393,3.71913,2,10,2,2,5,28,4.47071,4.67735,1,8,473,2,4,6,1.08672
"ISPD98_ibm13.hgr",84199,99666,357075,3.58272,3.00807,2,7,2,2,4,24,4.24085,3.34181,1,7,180,3,3,5,1.1837
"ISPD98_ibm14.hgr",147605,152772,546816,3.57929,2.94341,2,7,2,2,4,33,3.70459,3.18172,1,6,270,2,3,5,1.03501
"ISPD98_ibm15.hgr",161570,186608,715823,3.83597,3.50971,2,8,2,2,4,36,4.43042,3.28564,1,8,306,3,4,5,1.15497
"ISPD98_ibm16.hgr",183484,190048,778823,4.09803,3.6136,2,9,2,2,5,40,4.24464,2.76933,1,6,177,2,4,5,1.03577
"ISPD98_ibm17.hgr",185495,189581,860036,4.53651,4.07057,2,11,2,2,6,36,4.63644,2.49368,1,9,81,2,4,6,1.02203
"ISPD98_ibm18.hgr",210613,201920,819697,4.05951,3.96331,2,8,2,3,4,66,3.89196,1.90304,1,6,97,3,4,5,0.958725
"kim1.mtx.hgr",38415,38415,933195,24.2925,3.46155,4,25,25,25,25,25,24.2925,2.58594,5,25,25,25,25,25,1
"kkt_power.mtx.hgr",2063494,2063494,14612663,7.08151,7.40036,1,14,3,3,9,96,7.08151,7.40036,1,14,96,3,3,9,1
"kron_g500-logn16.mtx.hgr",65536,55321,4912469,88.7994,338.324,1,221,4,12,67,17998,74.9583,312.505,0,206,17998,1,8,31,0.844131
"laminar_duct3D.mtx.hgr",67173,67173,3833077,57.0628,37.8956,1,89,24,89,89,89,57.0628,29.6275,3,89,89,24,62,89,1
"language.mtx.hgr",399130,399130,1216334,3.04746,20.71,1,3,2,2,3,11555,3.04746,3.95838,1,4,107,2,2,3,1
"lhr14.mtx.hgr",14270,14270,307858,21.5738,26.2689,1,63,4,5,63,63,21.5738,15.9833,1,35,36,2,35,35,1
"light_in_tissue.mtx.hgr",29282,29282,406084,13.868,2.73294,6,18,12,14,16,18,13.868,2.73294,6,18,18,12,14,16,1
"li.mtx.hgr",22695,22695,1350309,59.4981,29.2054,11,108,31,53,81,108,59.4981,29.2054,11,108,108,31,53,81,1
"Lin.mtx.hgr",256000,256000,1766400,6.9,0.310242,4,7,7,7,7,7,6.9,0.310242,4,7,7,7,7,7,1
"lp_nug20.mtx.hgr",72600,15240,304800,20,0,20,20,20,20,20,20,4.19835,2.6648,4,4,40,4,4,4,0.209917
"lp_pds_20.mtx.hgr",108175,33798,232647,6.88345,6.16153,1,12,3,5,7,96,2.15065,0.416172,1,3,3,2,2,2,0.312438
"lung2.mtx.hgr",109460,109460,492564,4.49995,1.93909,2,8,3,4,6,8,4.49995,1.93909,2,8,8,3,4,6,1
"m14b.mtx.hgr",214765,214765,3358036,15.6359,3.13118,4,20,13,16,18,40,15.6359,3.13118,4,20,40,13,16,18,1
"mac_econ_fwd500.mtx.hgr",206500,206500,1273389,6.16653,4.43587,1,10,3,5,8,44,6.16653,6.10639,1,14,47,3,4,6,1
"Maragal_6.mtx.hgr",10152,21251,537694,25.3021,202.891,1,71,2,2,3,5941,52.9643,54.5739,0,86,685,26,47,67,2.09328
"mc2depi.mtx.hgr",525825,525825,2100225,3.99415,0.0763228,2,4,4,4,4,4,3.99415,0.0763228,2,4,4,4,4,4,1
"mixtank_new.mtx.hgr",29957,29957,1995041,66.5968,38.335,11,125,31,49,105,154,66.5968,38.335,11,125,154,31,49,105,1
"mono_500Hz.mtx.hgr",169410,169410,5036288,29.7284,17.9049,10,57,23,23,27,719,29.7284,17.9049,10,57,719,23,23,27,1
"mri1.mtx.hgr",147456,65536,589824,9,0,9,9,9,9,9,9,4,3.13846,0,6,240,4,5,5,0.444444
"msc10848.mtx.hgr",10848,10848,1229778,113.364,48.0939,45,159,84,96,138,723,113.364,48.0939,45,159,723,84,96,138,1
"msdoor.mtx.hgr",415863,415863,20240935,48.6721,11.71,28,63,35,49,63,77,48.6721,11.71,28,63,77,35,49,63,1
"mult_dcop_01.mtx.hgr",25187,25187,193276,7.67364,143.814,1,8,5,6,6,22767,7.67364,144.207,1,8,22774,4,5,7,1
"nasasrb.mtx.hgr",54870,54870,2677324,48.7939,8.53064,12,54,45,51,54,276,48.7939,8.53064,12,54,276,45,51,54,1
"nd12k.mtx.hgr",36000,36000,14220946,395.026,83.1939,126,474,333,434,459,519,395.026,83.1939,126,474,519,333,434,459,1
"net100.mtx.hgr",29920,29920,2033200,67.9545,57.8201,3,181,5,69,72,181,67.9545,57.8201,3,181,181,5,69,72,1
"nlpkkt120.mtx.hgr",3542400,3542400,96845792,27.339,3.09277,5,28,28,28,28,28,27.339,3.09277,5,28,28,28,28,28,1
"nopoly.mtx.hgr",10774,10774,70842,6.57527,1.09932,3,8,6,7,7,11,6.57527,1.09932,3,8,11,6,7,7,1
"NotreDame_actors.mtx.hgr",127823,383640,1470404,3.83277,10.4242,1,7,1,1,2,646,11.5034,11.7577,1,25,294,4,8,14,3.00134
"NotreDame_www.mtx.hgr",325729,137941,929849,6.74092,6.8703,1,16,2,4,8,60,2.85467,35.7093,0,4,10717,0,1,2,0.423484
"obstclae.mtx.hgr",40000,40000,197608,4.9402,0.41979,1,5,5,5,5,5,4.9402,0.41979,1,5,5,5,5,5,1
"olafu.mtx.hgr",16146,16146,1015156,62.8735,12.4094,24,76,54,67,75,89,62.8735,12.4094,24,76,89,54,67,75,1
"opt1.mtx.hgr",15449,15449,1930655,124.97,42.4948,44,153,96,132,153,243,124.97,42.4948,44,153,243,96,132,153,1
"Oregon-1.mtx.hgr",11492,11174,46818,4.18991,33.0948,1,5,1,2,3,2389,4.07396,32.6409,0,5,2389,1,2,2,0.972329
"p2p-Gnutella25.mtx.hgr",22687,6221,54705,8.7936,3.30244,1,10,9,10,10,64,2.41129,2.28746,0,5,36,1,2,3,0.27421
"para-4.mtx.hgr",153226,153226,5326228,34.7606,19.886,10,51,24,33,45,5776,34.7606,19.886,10,51,5776,24,33,45,1
"parabolic_fem.mtx.hgr",525825,525825,3674625,6.9883,0.152633,3,7,7,7,7,7,6.9883,0.152633,3,7,7,7,7,7,1
"pdb1HYS.mtx.hgr",36417,36417,4344765,119.306,31.8604,18,156,99,123,144,204,119.306,31.8604,18,156,204,99,123,144,1
"Pd_rhs.mtx.hgr",12406,4371,6323,1.44658,0.940494,1,2,1,1,2,14,0.509673,0.850995,0,1,30,0,0,1,0.35233
"pds-90.mtx.hgr",475448,142596,1014136,7.11195,7.15307,1,12,3,5,8,96,2.13301,0.39018,1,3,3,2,2,2,0.299919
"pesa.mtx.hgr",11738,11738,79566,6.7785,0.885317,3,8,7,7,7,10,6.7785,0.885317,3,8,10,7,7,7,1
"PGPgiantcompo.mtx.hgr",10680,10680,48632,4.55356,8.07721,1,10,1,2,4,205,4.55356,8.07721,1,10,205,1,2,4,1
"pkustk11.mtx.hgr",87804,87804,5217912,59.4268,25.0322,18,84,36,54,84,132,59.4268,25.0322,18,84,132,36,54,84,1
"poisson3Db.mtx.hgr",85623,85623,2374949,27.7373,14.7121,6,50,19,23,27,145,27.7373,14.7121,6,50,145,19,23,27,1
"poli3.mtx.hgr",16955,16955,37849,2.23232,6.2828,1,3,1,1,2,336,2.23232,0.991318,1,3,41,2,2,2,1
"powersim.mtx.hgr",15838,15838,67562,4.26582,2.70058,2,8,3,3,5,40,4.26582,3.42057,1,9,41,2,3,7,1
"pre2.mtx.hgr",659033,659033,5959282,9.04246,22.1217,1,15,5,6,8,628,9.04246,27.2444,1,14,745,4,6,8,1
"Pres_Poisson.mtx.hgr",14822,14822,715804,48.2933,5.11656,18,50,50,50,50,50,48.2933,5.11656,18,50,50,50,50,50,1
"psse2.mtx.hgr",11028,28634,115262,4.02535,1.16705,1,4,4,4,4,28,10.4518,6.71306,2,18,76,6,10,12,2.59648
"qa8fk.mtx.hgr",66127,66127,1660579,25.112,4.18252,8,27,27,27,27,27,25.112,4.18252,8,27,27,27,27,27,1
"rajat26.mtx.hgr",51032,51032,249302,4.88521,22.7604,1,6,3,4,5,3401,4.88521,22.4036,1,6,3269,3,4,5,1
"Reuters911.mtx.hgr",13332,13314,296076,22.2379,66.7811,1,46,2,5,13,2265,22.2079,66.741,0,45,2265,2,5,13,0.99865
"RFdevice.mtx.hgr",74104,74104,365580,4.93334,1.78166,2,5,5,5,5,271,4.93334,0.415814,1,5,9,5,5,5,1
"rgg_n_2_18_s0.mtx.hgr",262144,262141,3094566,11.805,3.44834,1,16,9,12,14,31,11.8048,3.44855,0,16,31,9,12,14,0.999989
"rim.mtx.hgr",22560,22560,1014951,44.989,26.5756,1,66,30,36,66,112,44.989,25.9789,11,66,112,21,36,62,1
"RM07R.mtx.hgr",381689,381689,37464962,98.1557,68.685,1,190,1,125,125,295,98.1557,64.3143,1,160,245,1,125,150,1
"rma10.mtx.hgr",46835,46835,2374001,50.6886,27.7806,4,100,29,46,70,145,50.6886,27.7806,4,100,145,29,46,70,1
"Rucci1.mtx.hgr",109900,1977885,7791168,3.93914,0.343717,1,4,4,4,4,4,70.8932,11.3881,30,84,108,66,72,78,17.9971
"s4dkt3m2.mtx.hgr",90449,90449,3753461,41.4981,2.6822,7,42,42,42,42,42,41.4981,2.6822,7,42,42,42,42,42,1
"sat14_10pipe_q0_k.cnf.dual.hgr",2082017,77639,6164595,79.4008,337.048,2,88,6,15,59,9334,2.96088,8.16733,1,2,263,2,2,2,0.0372903
"sat14_10pipe_q0_k.cnf.hgr",155278,2082017,6164595,2.96088,8.16733,1,2,2,2,2,263,39.7004,169.863,1,69,4672,3,3,21,13.4083
"sat14_10pipe_q0_k.cnf.primal.hgr",77639,2082017,6164595,2.96088,8.16733,1,2,2,2,2,263,79.4008,337.048,2,88,9334,6,15,59,26.8166
"sat14_11pipe_k.cnf.dual.hgr",5584003,89315,16593705,185.789,1696.43,2,170,27,63,103,57073,2.97165,10.2835,1,2,295,2,2,2,0.0159948
"sat14_11pipe_k.cnf.hgr",178630,5584003,16593705,2.97165,10.2835,1,2,2,2,2,295,92.8943,849.198,1,127,28538,2,3,64,31.2602
"sat14_11pipe_k.cnf.primal.hgr",89315,5584003,16593705,2.97165,10.2835,1,2,2,2,2,295,185.789,1696.43,2,170,57073,27,63,103,62.5203
"sat14_11pipe_q0_k.cnf.dual.hgr",3007883,104244,8917203,85.5416,389.935,2,95,6,12,63,11635,2.96461,8.73463,1,2,306,2,2,2,0.0346569
"sat14_11pipe_q0_k.cnf.hgr",208488,3007883,8917203,2.96461,8.73463,1,2,2,2,2,306,42.7708,196.39,1,74,5823,3,3,19,14.4271
"sat14_11pipe_q0_k.cnf.primal.hgr",104244,3007883,8917203,2.96461,8.73463,1,2,2,2,2,306,85.5416,389.935,2,95,11635,6,12,63,28.8543
"sat14_6s10.cnf.dual.hgr",99184,33900,231428,6.82678,16.7094,4,9,5,5,7,2652,2.33332,0.471421,1,3,3,2,2,3,0.341789
"sat14_6s10.cnf.hgr",67800,99184,231428,2.33332,0.471421,1,3,2,2,3,3,3.41339,8.36926,1,4,1326,2,3,3,1.46289
"sat14_6s10.cnf.primal.hgr",33900,99184,231428,2.33332,0.471421,1,3,2,2,3,3,6.82678,16.7094,4,9,2652,5,5,7,2.92578
"sat14_6s11-opt.cnf.dual.hgr",97312,33276,227060,6.82354,15.9019,2,9,5,5,7,2552,2.33332,0.471421,1,3,3,2,2,3,0.341952
"sat14_6s11-opt.cnf.hgr",66552,97312,227060,2.33332,0.471421,1,3,2,2,3,3,3.41177,7.96625,1,4,1276,2,3,3,1.46219
"sat14_6s11-opt.cnf.primal.hgr",33276,97312,227060,2.33332,0.471421,1,3,2,2,3,3,6.82354,15.9019,2,9,2552,5,5,7,2.92439
"sat14_6s12.cnf.dual.hgr",99580,34033,232352,6.82726,16.6884,4,9,5,5,7,2652,2.33332,0.471421,1,3,3,2,2,3,0.341765
"sat14_6s12.cnf.hgr",68066,99580,232352,2.33332,0.471421,1,3,2,2,3,3,3.41363,8.3588,1,4,1326,2,3,3,1.46299
"sat14_6s12.cnf.primal.hgr",34033,99580,232352,2.33332,0.471421,1,3,2,2,3,3,6.82726,16.6884,4,9,2652,5,5,7,2.92598
"sat14_6s130-opt.cnf.dual.hgr",144361,49327,336841,6.82873,13.0861,2,7,5,5,7,2126,2.33332,0.471416,1,3,3,2,2,3,0.341692
"sat14_6s130-opt.cnf.hgr",98654,144361,336841,2.33332,0.471416,1,3,2,2,3,3,3.41437,6.56166,1,4,1063,2,3,3,1.46331
"sat14_6s130-opt.cnf.primal.hgr",49327,144361,336841,2.33332,0.471416,1,3,2,2,3,3,6.82873,13.0861,2,7,2126,5,5,7,2.92661
"sat14_6s131-opt.cnf.dual.hgr",144226,49282,336526,6.82858,13.0779,2,7,5,5,6,2122,2.33332,0.471416,1,3,3,2,2,3,0.3417
"sat14_6s131-opt.cnf.hgr",98564,144226,336526,2.33332,0.471416,1,3,2,2,3,3,3.41429,6.55757,1,4,1061,2,3,3,1.46327
"sat14_6s131-opt.cnf.primal.hgr",49282,144226,336526,2.33332,0.471416,1,3,2,2,3,3,6.82858,13.0779,2,7,2122,5,5,6,2.92655
"sat14_6s133.cnf.dual.hgr",140968,48215,328924,6.82203,16.3221,4,7,5,5,5,2912,2.33332,0.471416,1,3,3,2,2,3,0.342028
"sat14_6s133.cnf.hgr",96430,140968,328924,2.33332,0.471416,1,3,2,2,3,3,3.41101,8.17595,1,4,1456,2,3,3,1.46187
"sat14_6s133.cnf.primal.hgr",48215,140968,328924,2.33332,0.471416,1,3,2,2,3,3,6.82203,16.3221,4,7,2912,5,5,5,2.92374
"sat14_6s153.cnf.dual.hgr",245440,85646,572692,6.68673,11.6351,4,9,5,5,7,2048,2.33333,0.471411,1,3,3,2,2,3,0.348949
"sat14_6s153.cnf.hgr",171292,245440,572692,2.33333,0.471411,1,3,2,2,3,3,3.34337,5.83802,1,4,1024,2,3,3,1.43287
"sat14_6s153.cnf.primal.hgr",85646,245440,572692,2.33333,0.471411,1,3,2,2,3,3,6.68673,11.6351,4,9,2048,5,5,7,2.86575
"sat14_6s16.cnf.dual.hgr",91888,31483,214404,6.81015,17.3005,4,9,5,5,7,2692,2.33332,0.471422,1,3,3,2,2,3,0.342624
"sat14_6s16.cnf.hgr",62966,91888,214404,2.33332,0.471422,1,3,2,2,3,3,3.40508,8.6643,1,4,1346,2,3,3,1.45933
"sat14_6s16.cnf.primal.hgr",31483,91888,214404,2.33332,0.471422,1,3,2,2,3,3,6.81015,17.3005,4,9,2692,5,5,7,2.91865
"sat14_6s184.cnf.dual.hgr",97516,33365,227536,6.8196,16.9067,4,9,5,5,7,2696,2.33332,0.471421,1,3,3,2,2,3,0.342149
"sat14_6s184.cnf.hgr",66730,97516,227536,2.33332,0.471421,1,3,2,2,3,3,3.4098,8.46772,1,4,1348,2,3,3,1.46135
"sat14_6s184.cnf.primal.hgr",33365,97516,227536,2.33332,0.471421,1,3,2,2,3,3,6.8196,16.9067,4,9,2696,5,5,7,2.9227
"sat14_6s9.cnf.dual.hgr",100384,34317,234228,6.82542,16.8247,4,9,5,5,7,2696,2.33332,0.471421,1,3,3,2,2,3,0.341857
"sat14_6s9.cnf.hgr",68634,100384,234228,2.33332,0.471421,1,3,2,2,3,3,3.41271,8.42683,1,4,1348,2,3,3,1.4626
"sat14_6s9.cnf.primal.hgr",34317,100384,234228,2.33332,0.471421,1,3,2,2,3,3,6.82542,16.8247,4,9,2696,5,5,7,2.9252
"sat14_9dlx_vliw_at_b_iq3.cnf.dual.hgr",968295,69789,2788367,39.9542,224.993,2,63,9,14,29,23380,2.87967,5.434,1,2,110,2,2,2,0.0720741
"sat14_9dlx_vliw_at_b_iq3.cnf.hgr",139578,968295,2788367,2.87967,5.434,1,2,2,2,2,110,19.9771,112.962,1,44,11692,2,5,13,6.9373
"sat14_9dlx_vliw_at_b_iq3.cnf.primal.hgr",69789,968295,2788367,2.87967,5.434,1,2,2,2,2,110,39.9542,224.993,2,63,23380,9,14,29,13.8746
"sat14_9vliw_m_9stages_iq3_C1_bug7.cnf.dual.hgr",13378010,521147,39203144,75.2247,1079.86,2,107,12,18,29,220932,2.93042,8.64884,1,3,6689,2,2,3,0.0389555
"sat14_9vliw_m_9stages_iq3_C1_bug7.cnf.hgr",1042294,13378010,39203144,2.93042,8.64884,1,3,2,2,3,6689,37.6124,540.627,1,72,110469,2,7,19,12.8352
"sat14_9vliw_m_9stages_iq3_C1_bug7.cnf.primal.hgr",521147,13378010,39203144,2.93042,8.64884,1,3,2,2,3,6689,75.2247,1079.86,2,107,220932,12,18,29,25.6703
"sat14_9vliw_m_9stages_iq3_C1_bug8.cnf.dual.hgr",13378617,521179,39204907,75.2235,1079.83,2,107,12,18,29,220932,2.93042,8.6488,1,3,6689,2,2,3,0.0389561
"sat14_9vliw_m_9stages_iq3_C1_bug8.cnf.hgr",1042358,13378617,39204907,2.93042,8.6488,1,3,2,2,3,6689,37.6117,540.612,1,72,110469,2,7,19,12.835
"sat14_9vliw_m_9stages_iq3_C1_bug8.cnf.primal.hgr",521179,13378617,39204907,2.93042,8.6488,1,3,2,2,3,6689,75.2235,1079.83,2,107,220932,12,18,29,25.6699
"sat14_aaai10-planning-ipc5-pathways-17-step21.cnf.dual.hgr",308235,53919,690466,12.8056,10.0868,3,19,7,12,15,73,2.24006,1.88438,1,3,61,2,2,2,0.174928
"sat14_aaai10-planning-ipc5-pathways-17-step21.cnf.hgr",107838,308235,690466,2.24006,1.88438,1,3,2,2,2,61,6.40281,6.23005,1,13,67,2,4,8,2.85832
"sat14_aaai10-planning-ipc5-pathways-17-step21.cnf.primal.hgr",53919,308235,690466,2.24006,1.88438,1,3,2,2,2,61,12.8056,10.0868,3,19,73,7,12,15,5.71663
"sat14_ACG-20-10p1.cnf.dual.hgr",1632906,381708,3841867,10.0649,8.75687,4,17,6,8,10,62,2.35278,0.916706,1,3,10,2,2,2,0.23376
"sat14_ACG-20-10p1.cnf.hgr",763416,1632906,3841867,2.35278,0.916706,1,3,2,2,2,10,5.03247,4.85864,1,10,43,3,4,5,2.13895
"sat14_ACG-20-10p1.cnf.primal.hgr",381708,1632906,3841867,2.35278,0.916706,1,3,2,2,2,10,10.0649,8.75687,4,17,62,6,8,10,4.27789
"sat14_ACG-20-5p0.cnf.dual.hgr",1390931,324716,3269132,10.0677,8.76748,4,17,6,8,10,62,2.35032,0.922549,1,3,10,2,2,2,0.233452
"sat14_ACG-20-5p0.cnf.hgr",649432,1390931,3269132,2.35032,0.922549,1,3,2,2,2,10,5.03383,4.87252,1,10,43,3,4,5,2.14177
"sat14_ACG-20-5p0.cnf.primal.hgr",324716,1390931,3269132,2.35032,0.922549,1,3,2,2,2,10,10.0677,8.76748,4,17,62,6,8,10,4.28353
"sat14_ACG-20-5p1.cnf.dual.hgr",1416850,331196,3333531,10.0651,8.75811,4,17,6,8,10,62,2.35278,0.916744,1,3,10,2,2,2,0.233755
"sat14_ACG-20-5p1.cnf.hgr",662392,1416850,3333531,2.35278,0.916744,1,3,2,2,2,10,5.03257,4.85925,1,10,43,3,4,5,2.13899
"sat14_ACG-20-5p1.cnf.primal.hgr",331196,1416850,3333531,2.35278,0.916744,1,3,2,2,2,10,10.0651,8.75811,4,17,62,6,8,10,4.27798
"sat14_AProVE07-01.cnf.dual.hgr",28770,7502,76290,10.1693,13.742,4,14,5,8,10,848,2.65172,5.13118,1,3,847,2,2,3,0.260758
"sat14_AProVE07-01.cnf.hgr",15004,28770,76290,2.65172,5.13118,1,3,2,2,3,847,5.08464,8.51566,2,8,846,3,4,6,1.91749
"sat14_AProVE07-01.cnf.primal.hgr",7502,28770,76290,2.65172,5.13118,1,3,2,2,3,847,10.1693,13.742,4,14,848,5,8,10,3.83498
"sat14_AProVE07-27.cnf.dual.hgr",29194,7729,77124,9.97852,38.7288,4,12,5,8,10,3246,2.64178,1.42869,1,3,201,2,2,3,0.264746
"sat14_AProVE07-27.cnf.hgr",15458,29194,77124,2.64178,1.42869,1,3,2,2,3,201,4.98926,19.4158,2,6,1623,3,4,5,1.8886
"sat14_AProVE07-27.cnf.primal.hgr",7729,29194,77124,2.64178,1.42869,1,3,2,2,3,201,9.97852,38.7288,4,12,3246,5,8,10,3.7772
"sat14_atco_enc1_opt1_05_21.cnf.dual.hgr",561784,59517,2167217,36.4134,135.808,2,59,3,7,11,1031,3.85774,1.56434,1,6,11,3,4,5,0.105943
"sat14_atco_enc1_opt1_05_21.cnf.hgr",118700,561784,2167217,3.85774,1.56434,1,6,3,4,5,11,18.2579,70.5324,1,24,517,2,2,7,4.73281
"sat14_atco_enc1_opt1_05_21.cnf.primal.hgr",59517,561784,2167217,3.85774,1.56434,1,6,3,4,5,11,36.4134,135.808,2,59,1031,3,7,11,9.43905
"sat14_atco_enc1_opt1_10_21.cnf.dual.hgr",270831,46993,922875,19.6386,70.0636,2,34,3,6,11,979,3.40757,1.60693,1,6,11,2,3,4,0.173514
"sat14_atco_enc1_opt1_10_21.cnf.hgr",93632,270831,922875,3.40757,1.60693,1,6,2,3,4,11,9.85641,38.8659,1,14,513,2,2,5,2.8925
"sat14_atco_enc1_opt1_10_21.cnf.primal.hgr",46993,270831,922875,3.40757,1.60693,1,6,2,3,4,11,19.6386,70.0636,2,34,979,3,6,11,5.76322
"sat14_atco_enc1_opt1_15_240.cnf.dual.hgr",644099,61642,2385303,38.6961,132.336,2,70,3,8,11,1031,3.70332,1.51785,1,6,11,3,3,5,0.0957027
"sat14_atco_enc1_opt1_15_240.cnf.hgr",122885,644099,2385303,3.70332,1.51785,1,6,3,3,5,11,19.4109,69.0889,1,36,517,2,3,9,5.24148
"sat14_atco_enc1_opt1_15_240.cnf.primal.hgr",61642,644099,2385303,3.70332,1.51785,1,6,3,3,5,11,38.6961,132.336,2,70,1031,3,8,11,10.449
"sat14_atco_enc1_opt2_05_4.cnf.dual.hgr",386163,14636,1652800,112.927,248.398,1,205,3,31,73,1031,4.28006,1.36431,1,6,15,3,4,5,0.0379011
"sat14_atco_enc1_opt2_05_4.cnf.hgr",28738,386163,1652800,4.28006,1.36431,1,6,3,4,5,15,57.5127,130.721,1,93,520,2,9,46,13.4374
"sat14_atco_enc1_opt2_05_4.cnf.primal.hgr",14636,386163,1652800,4.28006,1.36431,1,6,3,4,5,15,112.927,248.398,1,205,1031,3,31,73,26.3845
"sat14_atco_enc1_opt2_10_12.cnf.dual.hgr",147853,9495,618608,65.1509,143.223,1,159,4,21,42,979,4.18394,1.58659,1,6,11,3,4,5,0.0642192
"sat14_atco_enc1_opt2_10_12.cnf.hgr",18634,147853,618608,4.18394,1.58659,1,6,3,4,5,11,33.1978,81.2464,1,51,520,2,9,26,7.93458
"sat14_atco_enc1_opt2_10_12.cnf.primal.hgr",9495,147853,618608,4.18394,1.58659,1,6,3,4,5,11,65.1509,143.223,1,159,979,4,21,42,15.5717
"sat14_atco_enc1_opt2_10_16.cnf.dual.hgr",152744,9643,641139,66.4875,142.597,1,172,4,22,42,979,4.19747,1.58224,1,6,11,3,4,5,0.0631318
"sat14_atco_enc1_opt2_10_16.cnf.hgr",18930,152744,641139,4.19747,1.58224,1,6,3,4,5,11,33.8689,80.8318,1,67,520,2,9,26,8.06889
"sat14_atco_enc1_opt2_10_16.cnf.primal.hgr",9643,152744,641139,4.19747,1.58224,1,6,3,4,5,11,66.4875,142.597,1,172,979,4,22,42,15.8399
"sat14_atco_enc2_opt1_05_21.cnf.dual.hgr",526872,56533,2097393,37.1003,139.375,2,61,3,5,10,1031,3.98084,1.53801,1,6,11,3,4,5,0.107299
"sat14_atco_enc2_opt1_05_21.cnf.hgr",112732,526872,2097393,3.98084,1.53801,1,6,3,4,5,11,18.6051,72.3771,1,28,517,1,2,6,4.67367
"sat14_atco_enc2_opt1_05_21.cnf.primal.hgr",56533,526872,2097393,3.98084,1.53801,1,6,3,4,5,11,37.1003,139.375,2,61,1031,3,5,10,9.31972
"sat14_atco_enc2_opt1_15_100.cnf.dual.hgr",580963,58752,2227755,37.9179,134.9,2,68,3,5,11,1031,3.83459,1.53366,1,6,11,3,3,5,0.101129
"sat14_atco_enc2_opt1_15_100.cnf.hgr",117116,580963,2227755,3.83459,1.53366,1,6,3,3,5,11,19.0218,70.2946,1,35,517,1,2,7,4.96058
"sat14_atco_enc2_opt1_15_100.cnf.primal.hgr",58752,580963,2227755,3.83459,1.53366,1,6,3,3,5,11,37.9179,134.9,2,68,1031,3,5,11,9.8884
"sat14_atco_enc3_opt1_04_50.cnf.dual.hgr",6429816,1613160,16042866,9.94499,34.4855,1,8,8,8,8,1024,2.49507,0.531918,1,3,15,2,2,3,0.250887
"sat14_atco_enc3_opt1_04_50.cnf.hgr",3226318,6429816,16042866,2.49507,0.531918,1,3,2,2,3,15,4.9725,17.2487,1,4,513,4,4,4,1.99293
"sat14_atco_enc3_opt1_04_50.cnf.primal.hgr",1613160,6429816,16042866,2.49507,0.531918,1,3,2,2,3,15,9.94499,34.4855,1,8,1024,8,8,8,3.98585
"sat14_atco_enc3_opt2_05_21.cnf.dual.hgr",5933456,1484061,14805254,9.97618,33.533,1,8,8,8,8,733,2.49522,0.503224,1,3,15,2,2,3,0.250117
"sat14_atco_enc3_opt2_05_21.cnf.hgr",2968120,5933456,14805254,2.49522,0.503224,1,3,2,2,3,15,4.98809,16.7719,1,4,368,4,4,4,1.99906
"sat14_atco_enc3_opt2_05_21.cnf.primal.hgr",1484061,5933456,14805254,2.49522,0.503224,1,3,2,2,3,15,9.97618,33.533,1,8,733,8,8,8,3.99812
"sat14_atco_enc3_opt2_10_12.cnf.dual.hgr",4932603,1236271,12310782,9.958,33.3657,1,8,8,8,8,783,2.4958,0.501383,1,3,10,2,2,3,0.250633
"sat14_atco_enc3_opt2_10_12.cnf.hgr",2472540,4932603,12310782,2.4958,0.501383,1,3,2,2,3,10,4.979,16.6868,1,4,393,4,4,4,1.99495
"sat14_atco_enc3_opt2_10_12.cnf.primal.hgr",1236271,4932603,12310782,2.4958,0.501383,1,3,2,2,3,10,9.958,33.3657,1,8,783,8,8,8,3.9899
"sat14_atco_enc3_opt2_10_14.cnf.dual.hgr",4950217,1240678,12354810,9.95811,33.3503,1,8,8,8,8,783,2.49581,0.501378,1,3,10,2,2,3,0.250631
"sat14_atco_enc3_opt2_10_14.cnf.hgr",2481354,4950217,12354810,2.49581,0.501378,1,3,2,2,3,10,4.97906,16.679,1,4,393,4,4,4,1.99497
"sat14_atco_enc3_opt2_10_14.cnf.primal.hgr",1240678,4950217,12354810,2.49581,0.501378,1,3,2,2,3,10,9.95811,33.3503,1,8,783,8,8,8,3.98993
"sat14_blocks-blocks-37-1.130-NOTKNOWN.cnf.dual.hgr",10223027,559571,22253097,39.7681,76.9849,4,83,12,13,83,4259,2.17676,7.53617,1,2,1408,2,2,2,0.0547363
"sat14_blocks-blocks-37-1.130-NOTKNOWN.cnf.hgr",1119142,10223027,22253097,2.17676,7.53617,1,2,2,2,2,1408,19.8841,45.2554,1,79,2814,5,6,8,9.1347
"sat14_blocks-blocks-37-1.130-NOTKNOWN.cnf.primal.hgr",559571,10223027,22253097,2.17676,7.53617,1,2,2,2,2,1408,39.7681,76.9849,4,83,4259,12,13,83,18.2694
"sat14_bob12m09-opt.cnf.dual.hgr",152446,51144,355706,6.95499,19.5655,4,7,5,5,5,1201,2.33332,0.471415,1,3,3,2,2,3,0.335489
"sat14_bob12m09-opt.cnf.hgr",102288,152446,355706,2.33332,0.471415,1,3,2,2,3,3,3.47749,9.79546,1,4,601,2,3,3,1.49036
"sat14_bob12m09-opt.cnf.primal.hgr",51144,152446,355706,2.33332,0.471415,1,3,2,2,3,3,6.95499,19.5655,4,7,1201,5,5,5,2.98072
"sat14_bob12s02.cnf.dual.hgr",77920,26294,181812,6.91458,8.10403,4,7,5,5,7,269,2.33332,0.471426,1,3,3,2,2,3,0.337449
"sat14_bob12s02.cnf.hgr",52588,77920,181812,2.33332,0.471426,1,3,2,2,3,3,3.45729,4.08238,1,4,135,2,3,3,1.48171
"sat14_bob12s02.cnf.primal.hgr",26294,77920,181812,2.33332,0.471426,1,3,2,2,3,3,6.91458,8.10403,4,7,269,5,5,7,2.96341
"sat14_c10bi_i.cnf.dual.hgr",398467,133998,929755,6.93857,24.655,2,5,5,5,5,3715,2.33333,0.471409,1,3,3,2,2,3,0.336284
"sat14_c10bi_i.cnf.hgr",267996,398467,929755,2.33333,0.471409,1,3,2,2,3,3,3.46929,12.3376,1,3,1858,2,3,3,1.48684
"sat14_c10bi_i.cnf.primal.hgr",133998,398467,929755,2.33333,0.471409,1,3,2,2,3,3,6.93857,24.655,2,5,3715,5,5,5,2.97368
"sat14_countbitssrl032.cnf.dual.hgr",55724,18607,130020,6.98769,10.4352,1,9,5,5,7,255,2.33329,0.471464,1,3,3,2,2,3,0.333914
"sat14_countbitssrl032.cnf.hgr",37213,55724,130020,2.33329,0.471464,1,3,2,2,3,3,3.49394,5.24151,1,5,128,2,3,4,1.49743
"sat14_countbitssrl032.cnf.primal.hgr",18607,55724,130020,2.33329,0.471464,1,3,2,2,3,3,6.98769,10.4352,1,9,255,5,5,7,2.99479
"sat14_ctl_3791_556_unsat_pre.cnf.dual.hgr",90812,8806,331537,37.649,24.3298,8,70,17,34,55,110,3.65081,0.704796,1,4,4,4,4,4,0.0969696
"sat14_ctl_3791_556_unsat_pre.cnf.hgr",17612,90812,331537,3.65081,0.704796,1,4,4,4,4,4,18.8245,12.2104,3,35,61,8,17,28,5.15626
"sat14_ctl_3791_556_unsat_pre.cnf.primal.hgr",8806,90812,331537,3.65081,0.704796,1,4,4,4,4,4,37.649,24.3298,8,70,110,17,34,55,10.3125
"sat14_ctl_4291_567_5_unsat_pre.cnf.dual.hgr",134756,15232,462322,30.352,23.1841,6,63,13,22,38,113,3.43081,0.788018,2,4,4,3,4,4,0.113034
"sat14_ctl_4291_567_5_unsat_pre.cnf.hgr",30464,134756,462322,3.43081,0.788018,2,4,3,4,4,4,15.176,11.6365,2,31,63,6,11,19,4.42345
"sat14_ctl_4291_567_5_unsat_pre.cnf.primal.hgr",15232,134756,462322,3.43081,0.788018,2,4,3,4,4,4,30.352,23.1841,6,63,113,13,22,38,8.8469
"sat14_dated-10-11-u.cnf.dual.hgr",629461,141860,1429872,10.0795,4.95501,2,17,8,8,14,26,2.27158,0.935452,1,3,10,2,2,2,0.225367
"sat14_dated-10-11-u.cnf.hgr",283720,629461,1429872,2.27158,0.935452,1,3,2,2,2,10,5.03973,3.08126,1,9,13,2,5,6,2.2186
"sat14_dated-10-11-u.cnf.primal.hgr",141860,629461,1429872,2.27158,0.935452,1,3,2,2,2,10,10.0795,4.95501,2,17,26,8,8,14,4.4372
"sat14_dated-10-17-u.cnf.dual.hgr",1070757,229544,2471122,10.7654,6.78985,2,17,8,8,14,38,2.30783,0.920471,1,3,10,2,2,2,0.214375
"sat14_dated-10-17-u.cnf.hgr",459088,1070757,2471122,2.30783,0.920471,1,3,2,2,2,10,5.38268,3.85107,1,9,19,2,5,6,2.33236
"sat14_dated-10-17-u.cnf.primal.hgr",229544,1070757,2471122,2.30783,0.920471,1,3,2,2,2,10,10.7654,6.78985,2,17,38,8,8,14,4.66471
"sat14_E02F20.cnf.dual.hgr",395383,10420,2821910,270.817,1058.83,3,177,5,5,5,6360,7.13716,4.24121,1,9,66,6,7,8,0.0263542
"sat14_E02F20.cnf.hgr",20840,395383,2821910,7.13716,4.24121,1,9,6,7,8,66,135.408,755.644,1,3,6317,2,2,3,18.9723
"sat14_E02F20.cnf.primal.hgr",10420,395383,2821910,7.13716,4.24121,1,9,6,7,8,66,270.817,1058.83,3,177,6360,5,5,5,37.9446
"sat14_E02F22.cnf.dual.hgr",1301188,13574,11462079,844.414,3500.84,3,110,5,5,5,20486,8.80893,5.71442,1,11,78,7,8,10,0.010432
"sat14_E02F22.cnf.hgr",27148,1301188,11462079,8.80893,5.71442,1,11,7,8,10,78,422.207,2505.25,1,3,20439,2,2,3,47.9294
"sat14_E02F22.cnf.primal.hgr",13574,1301188,11462079,8.80893,5.71442,1,11,7,8,10,78,844.414,3500.84,3,110,20486,5,5,5,95.8588
"sat14_gss-18-s100.cnf.dual.hgr",94269,31364,222003,7.07827,6.49522,3,9,5,5,7,78,2.35499,0.479928,1,3,3,2,2,3,0.332707
"sat14_gss-18-s100.cnf.hgr",62728,94269,222003,2.35499,0.479928,1,3,2,2,3,3,3.53914,3.28368,1,4,39,2,3,4,1.50282
"sat14_gss-18-s100.cnf.primal.hgr",31364,94269,222003,2.35499,0.479928,1,3,2,2,3,3,7.07827,6.49522,3,9,78,5,5,7,3.00564
"sat14_gss-19-s100.cnf.dual.hgr",94548,31435,222806,7.08783,6.51576,3,9,5,5,7,111,2.35654,0.480388,1,3,3,2,2,3,0.332477
"sat14_gss-19-s100.cnf.hgr",62870,94548,222806,2.35654,0.480388,1,3,2,2,3,3,3.54392,3.29381,1,4,56,2,3,4,1.50387
"sat14_gss-19-s100.cnf.primal.hgr",31435,94548,222806,2.35654,0.480388,1,3,2,2,3,3,7.08783,6.51576,3,9,111,5,5,7,3.00773
"sat14_gss-20-s100.cnf.dual.hgr",94748,31503,223300,7.08821,6.48696,3,9,5,5,7,78,2.35678,0.480456,1,3,3,2,2,3,0.332493
"sat14_gss-20-s100.cnf.hgr",63006,94748,223300,2.35678,0.480456,1,3,2,2,3,3,3.54411,3.27953,1,4,39,2,3,4,1.50379
"sat14_gss-20-s100.cnf.primal.hgr",31503,94748,223300,2.35678,0.480456,1,3,2,2,3,3,7.08821,6.48696,3,9,78,5,5,7,3.00759
"sat14_gss-22-s100.cnf.dual.hgr",95110,31616,224220,7.09198,6.4881,3,9,5,5,7,80,2.35748,0.48066,1,3,3,2,2,3,0.332415
"sat14_gss-22-s100.cnf.hgr",63232,95110,224220,2.35748,0.48066,1,3,2,2,3,3,3.54599,3.28007,1,4,40,2,3,4,1.50414
"sat14_gss-22-s100.cnf.primal.hgr",31616,95110,224220,2.35748,0.48066,1,3,2,2,3,3,7.09198,6.4881,3,9,80,5,5,7,3.00829
"sat14_hwmcc10-timeframe-expansion-k45-pdtvisns3p02-tseitin.cnf.dual.hgr",488120,163622,1138944,6.96082,15.1644,1,7,5,5,5,423,2.33333,0.471411,1,3,3,2,2,3,0.335209
"sat14_hwmcc10-timeframe-expansion-k45-pdtvisns3p02-tseitin.cnf.hgr",327243,488120,1138944,2.33333,0.471411,1,3,2,2,3,3,3.48042,7.59858,1,3,212,2,3,3,1.49161
"sat14_hwmcc10-timeframe-expansion-k45-pdtvisns3p02-tseitin.cnf.primal.hgr",163622,488120,1138944,2.33333,0.471411,1,3,2,2,3,3,6.96082,15.1644,1,7,423,5,5,5,2.98322
"sat14_itox_vc1130.cnf.dual.hgr",441729,152256,1143974,7.51349,47.9814,1,10,5,6,8,13119,2.58976,0.536717,1,3,3,2,3,3,0.344682
"sat14_itox_vc1130.cnf.hgr",294326,441729,1143974,2.58976,0.536717,1,3,2,3,3,3,3.88676,24.4079,1,5,6591,2,3,4,1.50082
"sat14_itox_vc1130.cnf.primal.hgr",152256,441729,1143974,2.58976,0.536717,1,3,2,3,3,3,7.51349,47.9814,1,10,13119,5,6,8,2.90123
"sat14_k2fix_gr_rcs_w9.shuffled.cnf.dual.hgr",305160,11313,619119,54.7263,46.2323,1,122,20,40,76,275,2.02883,0.448338,2,2,9,2,2,2,0.0370724
"sat14_k2fix_gr_rcs_w9.shuffled.cnf.hgr",22617,305160,619119,2.02883,0.448338,2,2,2,2,2,9,27.3741,42.0016,1,87,274,1,1,39,13.4925
"sat14_k2fix_gr_rcs_w9.shuffled.cnf.primal.hgr",11313,305160,619119,2.02883,0.448338,2,2,2,2,2,9,54.7263,46.2323,1,122,275,20,40,76,26.9743
"sat14_manol-pipe-c10nid_i.cnf.dual.hgr",750877,252516,1752045,6.93835,21.8239,2,5,5,5,5,4133,2.33333,0.471407,1,3,3,2,2,3,0.336295
"sat14_manol-pipe-c10nid_i.cnf.hgr",505032,750877,1752045,2.33333,0.471407,1,3,2,2,3,3,3.46918,10.9233,1,3,2067,2,3,3,1.48679
"sat14_manol-pipe-c10nid_i.cnf.primal.hgr",252516,750877,1752045,2.33333,0.471407,1,3,2,2,3,3,6.93835,21.8239,2,5,4133,5,5,5,2.97358
"sat14_manol-pipe-c10nidw.cnf.dual.hgr",1291714,433601,3013998,6.95109,20.6106,2,5,5,5,5,4195,2.33333,0.471406,1,3,3,2,2,3,0.335679
"sat14_manol-pipe-c10nidw.cnf.hgr",867202,1291714,3013998,2.33333,0.471406,1,3,2,2,3,3,3.47554,10.3174,1,3,2098,2,3,3,1.48952
"sat14_manol-pipe-c10nidw.cnf.primal.hgr",433601,1291714,3013998,2.33333,0.471406,1,3,2,2,3,3,6.95109,20.6106,2,5,4195,5,5,5,2.97904
"sat14_manol-pipe-c8nidw.cnf.dual.hgr",799867,269048,1866355,6.93688,16.726,2,5,5,5,5,2173,2.33333,0.471407,1,3,3,2,2,3,0.336366
"sat14_manol-pipe-c8nidw.cnf.hgr",538096,799867,1866355,2.33333,0.471407,1,3,2,2,3,3,3.46844,8.37781,1,3,1087,2,3,3,1.48648
"sat14_manol-pipe-c8nidw.cnf.primal.hgr",269048,799867,1866355,2.33333,0.471407,1,3,2,2,3,3,6.93688,16.726,2,5,2173,5,5,5,2.97295
"sat14_manol-pipe-g10bid_i.cnf.dual.hgr",792175,266405,1848407,6.93833,21.6821,2,5,5,5,5,4183,2.33333,0.471407,1,3,3,2,2,3,0.336296
"sat14_manol-pipe-g10bid_i.cnf.hgr",532810,792175,1848407,2.33333,0.471407,1,3,2,2,3,3,3.46917,10.8525,1,3,2092,2,3,3,1.48679
"sat14_manol-pipe-g10bid_i.cnf.primal.hgr",266405,792175,1848407,2.33333,0.471407,1,3,2,2,3,3,6.93833,21.6821,2,5,4183,5,5,5,2.97357
"sat14_MD5-28-1.cnf.dual.hgr",62558,8282,243772,29.434,28.0526,4,70,8,12,54,100,3.89674,0.97765,1,5,6,3,3,5,0.132389
"sat14_MD5-28-1.cnf.hgr",16564,62558,243772,3.89674,0.97765,1,5,3,3,5,6,14.717,14.1668,2,35,55,4,6,27,3.77674
"sat14_MD5-28-1.cnf.primal.hgr",8282,62558,243772,3.89674,0.97765,1,5,3,3,5,6,29.434,28.0526,4,70,100,8,12,54,7.55349
"sat14_MD5-28-2.cnf.dual.hgr",62554,8281,243760,29.4361,28.0535,4,70,8,12,54,100,3.89679,0.977655,1,5,6,3,3,5,0.132382
"sat14_MD5-28-2.cnf.hgr",16562,62554,243760,3.89679,0.977655,1,5,3,3,5,6,14.718,14.1673,2,35,55,4,6,27,3.77696
"sat14_MD5-28-2.cnf.primal.hgr",8281,62554,243760,3.89679,0.977655,1,5,3,3,5,6,29.4361,28.0535,4,70,100,8,12,54,7.55392
"sat14_MD5-28-4.cnf.dual.hgr",62544,8281,243722,29.4315,28.0549,4,70,8,12,54,100,3.89681,0.97785,1,5,6,3,3,5,0.132403
"sat14_MD5-28-4.cnf.hgr",16562,62544,243722,3.89681,0.97785,1,5,3,3,5,6,14.7157,14.168,2,35,55,4,6,27,3.77636
"sat14_MD5-28-4.cnf.primal.hgr",8281,62544,243722,3.89681,0.97785,1,5,3,3,5,6,29.4315,28.0549,4,70,100,8,12,54,7.55271
"sat14_MD5-29-4.cnf.dual.hgr",65312,8590,254884,29.6722,28.3167,4,70,8,12,54,100,3.90256,0.977468,1,5,6,3,3,5,0.131523
"sat14_MD5-29-4.cnf.hgr",17180,65312,254884,3.90256,0.977468,1,5,3,3,5,6,14.8361,14.2987,2,35,55,4,6,27,3.80163
"sat14_MD5-29-4.cnf.primal.hgr",8590,65312,254884,3.90256,0.977468,1,5,3,3,5,6,29.6722,28.3167,4,70,100,8,12,54,7.60326
"sat14_MD5-30-4.cnf.dual.hgr",68106,8905,266116,29.8839,28.5141,4,70,8,12,54,100,3.90738,0.977155,1,5,6,3,3,5,0.130752
"sat14_MD5-30-4.cnf.hgr",17810,68106,266116,3.90738,0.977155,1,5,3,3,5,6,14.9419,14.3974,2,35,55,4,6,27,3.82403
"sat14_MD5-30-4.cnf.primal.hgr",8905,68106,266116,3.90738,0.977155,1,5,3,3,5,6,29.8839,28.5141,4,70,100,8,12,54,7.64806
"sat14_MD5-30-5.cnf.dual.hgr",68103,8905,266105,29.8827,28.5143,4,70,8,12,54,100,3.90739,0.9772,1,5,6,3,3,5,0.130758
"sat14_MD5-30-5.cnf.hgr",17810,68103,266105,3.90739,0.9772,1,5,3,3,5,6,14.9413,14.3975,2,35,55,4,6,27,3.82386
"sat14_MD5-30-5.cnf.primal.hgr",8905,68103,266105,3.90739,0.9772,1,5,3,3,5,6,29.8827,28.5143,4,70,100,8,12,54,7.64773
"sat14_minandmaxor128.cnf.dual.hgr",746444,249327,1741700,6.98561,17.7327,1,9,5,5,5,522,2.33333,0.471409,1,3,3,2,2,3,0.33402
"sat14_minandmaxor128.cnf.hgr",498653,746444,1741700,2.33333,0.471409,1,3,2,2,3,3,3.49281,8.88043,1,5,261,2,3,3,1.49692
"sat14_minandmaxor128.cnf.primal.hgr",249327,746444,1741700,2.33333,0.471409,1,3,2,2,3,3,6.98561,17.7327,1,9,522,5,5,5,2.99384
"sat14_openstacks-p30_3.085-SAT.cnf.dual.hgr",1643601,324116,3909191,12.0611,21.9294,2,14,4,12,13,217,2.37843,4.09866,1,2,63,2,2,2,0.197199
"sat14_openstacks-p30_3.085-SAT.cnf.hgr",643132,1643601,3909191,2.37843,4.09866,1,2,2,2,2,63,6.07836,11.7072,1,9,128,2,4,8,2.55562
"sat14_openstacks-p30_3.085-SAT.cnf.primal.hgr",324116,1643601,3909191,2.37843,4.09866,1,2,2,2,2,63,12.0611,21.9294,2,14,217,4,12,13,5.07103
"sat14_openstacks-sequencedstrips-nonadl-nonnegated-os-sequencedstrips-p30_3.025-NOTKNOWN.cnf.dual.hgr",483561,95456,1149911,12.0465,21.7815,2,14,4,12,13,217,2.37801,4.0981,1,2,63,2,2,2,0.197402
"sat14_openstacks-sequencedstrips-nonadl-nonnegated-os-sequencedstrips-p30_3.025-NOTKNOWN.cnf.hgr",189412,483561,1149911,2.37801,4.0981,1,2,2,2,2,63,6.07095,11.6503,1,9,128,2,4,8,2.55296
"sat14_openstacks-sequencedstrips-nonadl-nonnegated-os-sequencedstrips-p30_3.025-NOTKNOWN.cnf.primal.hgr",95456,483561,1149911,2.37801,4.0981,1,2,2,2,2,63,12.0465,21.7815,2,14,217,4,12,13,5.0658
"sat14_openstacks-sequencedstrips-nonadl-nonnegated-os-sequencedstrips-p30_3.085-SAT.cnf.dual.hgr",1643601,324116,3909191,12.0611,21.9294,2,14,4,12,13,217,2.37843,4.09866,1,2,63,2,2,2,0.197199
"sat14_openstacks-sequencedstrips-nonadl-nonnegated-os-sequencedstrips-p30_3.085-SAT.cnf.hgr",643132,1643601,3909191,2.37843,4.09866,1,2,2,2,2,63,6.07836,11.7072,1,9,128,2,4,8,2.55562
"sat14_openstacks-sequencedstrips-nonadl-nonnegated-os-sequencedstrips-p30_3.085-SAT.cnf.primal.hgr",324116,1643601,3909191,2.37843,4.09866,1,2,2,2,2,63,12.0611,21.9294,2,14,217,4,12,13,5.07103
"sat14_post-cbmc-aes-d-r2-noholes.cnf.dual.hgr",1607567,276895,4321960,15.6087,62.7687,1,12,5,8,11,1548,2.68851,3.01305,1,3,184,2,2,3,0.172245
"sat14_post-cbmc-aes-d-r2-noholes.cnf.hgr",553559,1607567,4321960,2.68851,3.01305,1,3,2,2,3,184,7.80759,31.6079,1,9,774,2,3,5,2.90406
"sat14_post-cbmc-aes-d-r2-noholes.cnf.primal.hgr",276895,1607567,4321960,2.68851,3.01305,1,3,2,2,3,184,15.6087,62.7687,1,12,1548,5,8,11,5.80569
"sat14_post-cbmc-aes-ee-r2-noholes.cnf.dual.hgr",1575975,266199,4240496,15.9298,63.6202,1,12,5,8,11,1548,2.69071,3.03459,1,3,33,2,2,3,0.168911
"sat14_post-cbmc-aes-ee-r2-noholes.cnf.hgr",532170,1575975,4240496,2.69071,3.03459,1,3,2,2,3,33,7.96831,32.0389,1,9,774,2,3,5,2.96141
"sat14_post-cbmc-aes-ee-r2-noholes.cnf.primal.hgr",266199,1575975,4240496,2.69071,3.03459,1,3,2,2,3,33,15.9298,63.6202,1,12,1548,5,8,11,5.92029
"sat14_q_query_3_L100_coli.sat.cnf.dual.hgr",1522583,315617,4407119,13.9635,267.242,2,10,5,7,9,57423,2.8945,0.788549,1,4,11,2,3,3,0.207291
"sat14_q_query_3_L100_coli.sat.cnf.hgr",631234,1522583,4407119,2.8945,0.788549,1,4,2,3,3,11,6.98175,140.405,1,7,38277,2,3,4,2.41207
"sat14_q_query_3_L100_coli.sat.cnf.primal.hgr",315617,1522583,4407119,2.8945,0.788549,1,4,2,3,3,11,13.9635,267.242,2,10,57423,5,7,9,4.82415
"sat14_q_query_3_L150_coli.sat.cnf.dual.hgr",2456708,486992,7147094,14.676,322.672,2,11,5,7,9,86223,2.90922,0.761234,1,4,11,2,3,3,0.19823
"sat14_q_query_3_L150_coli.sat.cnf.hgr",973984,2456708,7147094,2.90922,0.761234,1,4,2,3,3,11,7.338,169.506,1,7,57477,2,3,4,2.52233
"sat14_q_query_3_L150_coli.sat.cnf.primal.hgr",486992,2456708,7147094,2.90922,0.761234,1,4,2,3,3,11,14.676,322.672,2,11,86223,5,7,9,5.04466
"sat14_q_query_3_L200_coli.sat.cnf.dual.hgr",3513333,670867,10259569,15.293,366.829,2,11,5,7,9,115023,2.92018,0.737634,1,4,11,3,3,3,0.190949
"sat14_q_query_3_L200_coli.sat.cnf.hgr",1341734,3513333,10259569,2.92018,0.737634,1,4,3,3,3,11,7.6465,192.691,1,7,76677,2,3,4,2.6185
"sat14_q_query_3_L200_coli.sat.cnf.primal.hgr",670867,3513333,10259569,2.92018,0.737634,1,4,3,3,3,11,15.293,366.829,2,11,115023,5,7,9,5.237
"sat14_q_query_3_L80_coli.sat.cnf.dual.hgr",1183233,250567,3415429,13.6308,240.104,2,10,5,7,9,45903,2.88652,0.801023,1,4,11,2,3,3,0.211765
"sat14_q_query_3_L80_coli.sat.cnf.hgr",501134,1183233,3415429,2.88652,0.801023,1,4,2,3,3,11,6.8154,126.16,1,7,30597,2,3,4,2.36111
"sat14_q_query_3_L80_coli.sat.cnf.primal.hgr",250567,1183233,3415429,2.88652,0.801023,1,4,2,3,3,11,13.6308,240.104,2,10,45903,5,7,9,4.72222
"sat14_SAT_dat.k100-24_1_rule_1.cnf.dual.hgr",6356704,1621762,15957567,9.83965,22.2311,1,15,5,6,9,587,2.51035,1.42063,1,3,23,2,2,3,0.255126
"sat14_SAT_dat.k100-24_1_rule_1.cnf.hgr",3195850,6356704,15957567,2.51035,1.42063,1,3,2,2,3,23,4.99322,11.313,1,8,302,2,3,4,1.98905
"sat14_SAT_dat.k100-24_1_rule_1.cnf.primal.hgr",1621762,6356704,15957567,2.51035,1.42063,1,3,2,2,3,23,9.83965,22.2311,1,15,587,5,6,9,3.91963
"sat14_SAT_dat.k100-24_1_rule_2.cnf.dual.hgr",6356692,1621756,15957543,9.83967,22.2312,1,15,5,6,9,587,2.51035,1.42064,1,3,23,2,2,3,0.255126
"sat14_SAT_dat.k100-24_1_rule_2.cnf.hgr",3195838,6356692,15957543,2.51035,1.42064,1,3,2,2,3,23,4.99323,11.313,1,8,302,2,3,4,1.98905
"sat14_SAT_dat.k100-24_1_rule_2.cnf.primal.hgr",1621756,6356692,15957543,2.51035,1.42064,1,3,2,2,3,23,9.83967,22.2312,1,15,587,5,6,9,3.91964
"sat14_SAT_dat.k70-24_1_rule_1.cnf.dual.hgr",4433524,1131652,11129247,9.83451,22.1906,1,15,5,6,9,587,2.51025,1.4206,1,3,23,2,2,3,0.255249
"sat14_SAT_dat.k70-24_1_rule_1.cnf.hgr",2229790,4433524,11129247,2.51025,1.4206,1,3,2,2,3,23,4.99116,11.2931,1,8,302,2,3,4,1.98831
"sat14_SAT_dat.k70-24_1_rule_1.cnf.primal.hgr",1131652,4433524,11129247,2.51025,1.4206,1,3,2,2,3,23,9.83451,22.1906,1,15,587,5,6,9,3.91775
"sat14_SAT_dat.k75-24_1_rule_3.cnf.dual.hgr",4754042,1213331,11933943,9.83569,22.1997,1,15,5,6,9,587,2.51027,1.42062,1,3,23,2,2,3,0.255221
"sat14_SAT_dat.k75-24_1_rule_3.cnf.hgr",2390788,4754042,11933943,2.51027,1.42062,1,3,2,2,3,23,4.99164,11.2976,1,8,302,2,3,4,1.98848
"sat14_SAT_dat.k75-24_1_rule_3.cnf.primal.hgr",1213331,4754042,11933943,2.51027,1.42062,1,3,2,2,3,23,9.83569,22.1997,1,15,587,5,6,9,3.91817
"sat14_SAT_dat.k80-24_1_rule_1.cnf.dual.hgr",5074584,1295022,12738687,9.83666,22.2075,1,15,5,6,9,587,2.51029,1.42062,1,3,23,2,2,3,0.255198
"sat14_SAT_dat.k80-24_1_rule_1.cnf.hgr",2551810,5074584,12738687,2.51029,1.42062,1,3,2,2,3,23,4.99202,11.3014,1,8,302,2,3,4,1.98862
"sat14_SAT_dat.k80-24_1_rule_1.cnf.primal.hgr",1295022,5074584,12738687,2.51029,1.42062,1,3,2,2,3,23,9.83666,22.2075,1,15,587,5,6,9,3.91853
"sat14_SAT_dat.k85-24_1_rule_2.cnf.dual.hgr",5395102,1376701,13543383,9.83756,22.2145,1,15,5,6,9,587,2.51031,1.42063,1,3,23,2,2,3,0.255176
"sat14_SAT_dat.k85-24_1_rule_2.cnf.hgr",2712808,5395102,13543383,2.51031,1.42063,1,3,2,2,3,23,4.99239,11.3049,1,8,302,2,3,4,1.98875
"sat14_SAT_dat.k85-24_1_rule_2.cnf.primal.hgr",1376701,5395102,13543383,2.51031,1.42063,1,3,2,2,3,23,9.83756,22.2145,1,15,587,5,6,9,3.91886
"sat14_SAT_dat.k85-24_1_rule_3.cnf.dual.hgr",5395102,1376701,13543383,9.83756,22.2145,1,15,5,6,9,587,2.51031,1.42063,1,3,23,2,2,3,0.255176
"sat14_SAT_dat.k85-24_1_rule_3.cnf.hgr",2712808,5395102,13543383,2.51031,1.42063,1,3,2,2,3,23,4.99239,11.3049,1,8,302,2,3,4,1.98875
"sat14_SAT_dat.k85-24_1_rule_3.cnf.primal.hgr",1376701,5395102,13543383,2.51031,1.42063,1,3,2,2,3,23,9.83756,22.2145,1,15,587,5,6,9,3.91886
"sat14_SAT_dat.k90.debugged.cnf.dual.hgr",5715644,1458392,14348127,9.83832,22.2207,1,15,5,6,9,587,2.51033,1.42063,1,3,23,2,2,3,0.255158
"sat14_SAT_dat.k90.debugged.cnf.hgr",2873830,5715644,14348127,2.51033,1.42063,1,3,2,2,3,23,4.99268,11.3079,1,8,302,2,3,4,1.98886
"sat14_SAT_dat.k90.debugged.cnf.primal.hgr",1458392,5715644,14348127,2.51033,1.42063,1,3,2,2,3,23,9.83832,22.2207,1,15,587,5,6,9,3.91914
"sat14_SAT_dat.k95-24_1_rule_3.cnf.dual.hgr",6036162,1540071,15152823,9.83904,22.2262,1,15,5,6,9,587,2.51034,1.42064,1,3,23,2,2,3,0.255141
"sat14_SAT_dat.k95-24_1_rule_3.cnf.hgr",3034828,6036162,15152823,2.51034,1.42064,1,3,2,2,3,23,4.99298,11.3106,1,8,302,2,3,4,1.98896
"sat14_SAT_dat.k95-24_1_rule_3.cnf.primal.hgr",1540071,6036162,15152823,2.51034,1.42064,1,3,2,2,3,23,9.83904,22.2262,1,15,587,5,6,9,3.91941
"sat14_slp-synthesis-aes-top29.cnf.dual.hgr",302862,94998,740744,7.79747,20.1839,4,7,5,5,7,3474,2.44581,6.36625,1,3,3473,2,2,3,0.313668
"sat14_slp-synthesis-aes-top29.cnf.hgr",189996,302862,740744,2.44581,6.36625,1,3,2,2,3,3473,3.89873,11.5841,2,4,3472,2,3,3,1.59404
"sat14_slp-synthesis-aes-top29.cnf.primal.hgr",94998,302862,740744,2.44581,6.36625,1,3,2,2,3,3473,7.79747,20.1839,4,7,3474,5,5,7,3.18809
"sat14_transport-transport-city-sequential-25nodes-1000size-3degree-100mindistance-3trucks-10packages-2008seed.030-NOTKNOWN.cnf.dual.hgr",1934720,361750,4605620,12.7315,48.2798,2,13,4,13,13,1508,2.38051,9.57711,1,2,502,2,2,2,0.186978
"sat14_transport-transport-city-sequential-25nodes-1000size-3degree-100mindistance-3trucks-10packages-2008seed.030-NOTKNOWN.cnf.hgr",705500,1934720,4605620,2.38051,9.57711,1,2,2,2,2,502,6.52816,25.7938,1,9,1002,2,4,9,2.74234
"sat14_transport-transport-city-sequential-25nodes-1000size-3degree-100mindistance-3trucks-10packages-2008seed.030-NOTKNOWN.cnf.primal.hgr",361750,1934720,4605620,2.38051,9.57711,1,2,2,2,2,502,12.7315,48.2798,2,13,1508,4,13,13,5.34822
"sat14_transport-transport-city-sequential-25nodes-1000size-3degree-100mindistance-3trucks-10packages-2008seed.050-NOTKNOWN.cnf.dual.hgr",3224280,602670,7675780,12.7363,48.4353,2,13,4,13,13,1508,2.38062,9.57748,1,2,502,2,2,2,0.186916
"sat14_transport-transport-city-sequential-25nodes-1000size-3degree-100mindistance-3trucks-10packages-2008seed.050-NOTKNOWN.cnf.hgr",1175340,3224280,7675780,2.38062,9.57748,1,2,2,2,2,502,6.53069,25.8656,1,9,1002,2,4,9,2.74327
"sat14_transport-transport-city-sequential-25nodes-1000size-3degree-100mindistance-3trucks-10packages-2008seed.050-NOTKNOWN.cnf.primal.hgr",602670,3224280,7675780,2.38062,9.57748,1,2,2,2,2,502,12.7363,48.4353,2,13,1508,4,13,13,5.34999
"sat14_UCG-15-10p0.cnf.dual.hgr",1005834,199304,2392967,12.0066,11.1091,4,19,6,7,16,64,2.37909,1.00501,1,3,10,2,2,2,0.198148
"sat14_UCG-15-10p0.cnf.hgr",398608,1005834,2392967,2.37909,1.00501,1,3,2,2,2,10,6.00331,6.12128,1,12,44,3,4,6,2.52337
"sat14_UCG-15-10p0.cnf.primal.hgr",199304,1005834,2392967,2.37909,1.00501,1,3,2,2,2,10,12.0066,11.1091,4,19,64,6,7,16,5.04673
"sat14_UCG-15-10p1.cnf.dual.hgr",1019221,200003,2431032,12.155,11.3222,4,22,6,7,16,64,2.38519,1.00065,1,3,10,2,2,2,0.196231
"sat14_UCG-15-10p1.cnf.hgr",400006,1019221,2431032,2.38519,1.00065,1,3,2,2,2,10,6.07749,6.21621,1,12,44,3,4,6,2.54801
"sat14_UCG-15-10p1.cnf.primal.hgr",200003,1019221,2431032,2.38519,1.00065,1,3,2,2,2,10,12.155,11.3222,4,22,64,6,7,16,5.09603
"sat14_UCG-20-5p0.cnf.dual.hgr",1190673,224587,2868616,12.7728,12.3496,4,25,6,7,16,64,2.40924,0.984951,1,3,10,2,2,3,0.188622
"sat14_UCG-20-5p0.cnf.hgr",449174,1190673,2868616,2.40924,0.984951,1,3,2,2,3,10,6.38642,6.68337,1,13,44,3,4,7,2.65081
"sat14_UCG-20-5p0.cnf.primal.hgr",224587,1190673,2868616,2.40924,0.984951,1,3,2,2,3,10,12.7728,12.3496,4,25,64,6,7,16,5.30161
"sat14_UR-15-10p1.cnf.dual.hgr",1019200,199996,2430990,12.1552,11.3222,4,22,6,7,16,62,2.38519,1.00066,1,3,10,2,2,2,0.196228
"sat14_UR-15-10p1.cnf.hgr",399992,1019200,2430990,2.38519,1.00066,1,3,2,2,2,10,6.0776,6.21623,1,12,43,3,4,6,2.54805
"sat14_UR-15-10p1.cnf.primal.hgr",199996,1019200,2430990,2.38519,1.00066,1,3,2,2,2,10,12.1552,11.3222,4,22,62,6,7,16,5.0961
"sat14_UR-20-5p0.cnf.dual.hgr",1190619,224569,2868508,12.7734,12.3528,4,25,6,7,16,62,2.40926,0.98497,1,3,10,2,2,3,0.188615
"sat14_UR-20-5p0.cnf.hgr",449138,1190619,2868508,2.40926,0.98497,1,3,2,2,3,10,6.3867,6.68489,1,13,43,3,4,7,2.6509
"sat14_UR-20-5p0.cnf.primal.hgr",224569,1190619,2868508,2.40926,0.98497,1,3,2,2,3,10,12.7734,12.3528,4,25,62,6,7,16,5.3018
"sat14_UTI-20-10p1.cnf.dual.hgr",1391257,260342,3358569,12.9006,12.5537,4,25,6,7,16,62,2.41405,0.980276,1,3,10,2,2,3,0.187127
"sat14_UTI-20-10p1.cnf.hgr",520684,1391257,3358569,2.41405,0.980276,1,3,2,2,3,10,6.4503,6.77454,1,13,43,3,4,8,2.67198
"sat14_UTI-20-10p1.cnf.primal.hgr",260342,1391257,3358569,2.41405,0.980276,1,3,2,2,3,10,12.9006,12.5537,4,25,62,6,7,16,5.34396
"sat14_velev-vliw-uns-2.0-uq5.cnf.dual.hgr",2465731,151669,7141423,47.0856,357.163,2,71,9,15,28,45096,2.89627,6.03433,1,2,150,2,2,2,0.0615108
"sat14_velev-vliw-uns-2.0-uq5.cnf.hgr",303338,2465731,7141423,2.89627,6.03433,1,2,2,2,2,150,23.5428,179.005,1,46,22550,2,5,14,8.12866
"sat14_velev-vliw-uns-2.0-uq5.cnf.primal.hgr",151669,2465731,7141423,2.89627,6.03433,1,2,2,2,2,150,47.0856,357.163,2,71,45096,9,15,28,16.2573
"sat14_velev-vliw-uns-4.0-9.cnf.dual.hgr",1814189,96177,5280501,54.904,402.39,2,121,11,18,29,35496,2.91067,5.83762,1,3,2216,2,2,3,0.0530138
"sat14_velev-vliw-uns-4.0-9.cnf.hgr",192354,1814189,5280501,2.91067,5.83762,1,3,2,2,3,2216,27.452,201.821,1,58,17751,2,6,21,9.43151
"sat14_velev-vliw-uns-4.0-9.cnf.primal.hgr",96177,1814189,5280501,2.91067,5.83762,1,3,2,2,3,2216,54.904,402.39,2,121,35496,11,18,29,18.863
"scfxm1-2r.mtx.hgr",65943,37980,221388,5.82907,5.60486,1,11,3,5,7,57,3.35726,8.75597,1,5,516,2,3,3,0.575952
"scircuit.mtx.hgr",170998,170998,958936,5.60788,4.39216,1,8,4,5,6,353,5.60788,4.39219,1,8,353,4,5,6,1
"shallow_water2.mtx.hgr",81920,81920,327680,4,0,4,4,4,4,4,4,4,0,4,4,4,4,4,4,1
"shermanACb.mtx.hgr",18510,18510,145149,7.84165,99.9495,1,11,4,6,8,10405,7.84165,99.3773,1,11,10405,4,6,8,1
"ship_001.mtx.hgr",34920,34920,4644230,132.996,55.1994,18,210,108,108,138,438,132.996,55.1994,18,210,438,108,108,138,1
"shock-9.mtx.hgr",36476,36476,142580,3.90887,0.309635,2,4,4,4,4,4,3.90887,0.309635,2,4,4,4,4,4,1
"shyy161.mtx.hgr",76480,76480,329762,4.31174,1.25315,1,6,3,4,6,6,4.31174,1.25482,1,6,6,3,4,6,1
"skirt.mtx.hgr",12598,12598,196520,15.5993,6.30962,1,27,10,18,18,33,15.5993,6.30962,1,27,33,10,18,18,1
"sls.mtx.hgr",62729,1748122,6804304,3.89235,0.557996,1,4,4,4,4,4,108.471,6852.05,2,51,1685394,22,35,42,27.8678
"sme3Db.mtx.hgr",29067,29067,2081063,71.5954,37.0664,24,111,54,66,81,345,71.5954,37.0674,24,111,345,54,66,81,1
"soc-sign-epinions.mtx.hgr",131828,95318,841372,8.827,38.4668,1,14,1,1,3,2070,6.38235,34.7455,0,9,3478,0,1,2,0.723048
"sparsine.mtx.hgr",50000,50000,1548988,30.9798,11.1545,6,46,21,31,31,56,30.9798,11.1545,6,46,56,21,31,31,1
"spmsrtls.mtx.hgr",29995,29995,229947,7.66618,0.472707,4,8,7,8,8,8,7.66618,0.472707,4,8,8,7,8,8,1
"Stanford.mtx.hgr",281903,261588,2312497,8.84023,172.653,1,11,1,2,4,38606,8.20317,11.3114,0,19,255,2,5,9,0.927936
"std1_Jac3.mtx.hgr",21982,21982,1455848,66.2291,169.296,1,193,2,2,42,1030,66.2291,129.752,1,205,1036,3,6,71,1
"StocF-1465.mtx.hgr",1465137,1465137,21005389,14.3368,2.57378,1,15,14,15,15,189,14.3368,2.57378,1,15,189,14,15,15,1
"stokes128.mtx.hgr",49666,49666,558594,11.247,2.3866,5,13,8,13,13,13,11.247,2.3866,5,13,13,8,13,13,1
"ted_A.mtx.hgr",10605,10605,424587,40.0365,37.1958,1,84,1,48,82,147,40.0365,22.7824,12,83,147,28,32,56,1
"TF16.mtx.hgr",19321,15437,216173,14.0036,6.62167,2,22,10,12,15,63,11.1885,2.14733,0,14,15,10,11,13,0.798975
"thermal1.mtx.hgr",82654,82654,574458,6.95015,0.876773,1,8,6,7,7,11,6.95015,0.876773,1,8,11,6,7,7,1
"thermomech_TC.mtx.hgr",102158,102158,711558,6.96527,0.71524,4,8,7,7,7,10,6.96527,0.71524,4,8,10,7,7,7,1
"tmt_unsym.mtx.hgr",917825,917825,4584801,4.99529,0.0863249,3,5,5,5,5,5,4.99529,0.0863249,3,5,5,5,5,5,1
"tomographic1.mtx.hgr",59498,45908,647495,14.1042,15.0239,1,34,3,9,19,155,10.8826,1.69342,0,12,15,10,11,12,0.771589
"torso3.mtx.hgr",259156,259156,4429042,17.0903,4.39231,7,19,19,19,19,22,17.0903,3.49779,6,20,21,15,19,19,1
"trans4.mtx.hgr",116835,116835,766396,6.55964,361.498,1,9,2,5,7,114190,6.55964,361.435,1,9,114174,2,5,7,1
"Trec14.mtx.hgr",15905,3159,2872265,909.232,352.377,6,1340,655,948,1175,1837,180.589,309.254,0,517,2500,18,52,187,0.198617
"Trefethen_20000.mtx.hgr",20000,20000,554466,27.7233,1.17403,16,29,27,28,28,29,27.7233,1.17403,16,29,29,27,28,28,1
"TSOPF_FS_b162_c3.mtx.hgr",30798,30798,1801300,58.4876,428.059,1,102,4,12,78,15054,58.4876,428.059,1,102,15054,4,12,78,1
"us04.mtx.hgr",28016,163,297538,1825.39,2302.85,2,4964,257,910,2382,11625,10.6203,2.41792,2,14,18,9,11,12,0.0058181
"usroads.mtx.hgr",129164,129164,330870,2.56163,0.784015,1,4,2,2,3,7,2.56163,0.784015,1,4,7,2,2,3,1
"venkat01.mtx.hgr",62424,62424,1717792,27.5181,2.2937,16,28,28,28,28,44,27.5181,2.2937,16,28,44,28,28,28,1
"vibrobox.mtx.hgr",12328,12328,342828,27.8089,16.089,9,47,17,24,34,121,27.8089,16.089,9,47,121,17,24,34,1
"viscoplastic2.mtx.hgr",32769,32769,381326,11.6368,13.9572,5,37,5,8,10,73,11.6368,14.4388,4,31,93,5,9,9,1
"viscorocks.mtx.hgr",37762,37762,1162244,30.7781,7.73588,16,42,26,26,42,42,30.7781,7.73588,16,42,42,26,26,42,1
"wang4.mtx.hgr",26068,26068,177196,6.79745,0.436138,4,7,7,7,7,7,6.79745,0.436138,4,7,7,7,7,7,1
"water_tank.mtx.hgr",60740,60740,2035281,33.5081,12.5996,8,54,27,27,39,63,33.5081,10.919,13,53,54,27,27,43,1
"wathen120.mtx.hgr",36441,36441,565761,15.5254,3.82329,8,21,13,13,21,21,15.5254,3.82329,8,21,21,13,13,21,1
"waveguide3D.mtx.hgr",21036,21036,303468,14.4261,3.48696,5,19,12,15,16,28,14.4261,3.48696,5,19,28,12,15,16,1
"wb-edu.mtx.hgr",9845725,6920306,57156537,8.25925,23.7814,1,17,2,5,9,3841,5.80521,45.3402,0,8,25762,1,2,4,0.702874
"webbase-1M.mtx.hgr",1000005,1000005,3105536,3.10552,25.3452,1,3,2,2,2,4700,3.10552,36.8799,1,1,28685,1,1,1,1
"xenon2.mtx.hgr",157464,157464,3866688,24.556,4.06886,1,27,22,27,27,27,24.556,4.06886,1,27,27,22,27,27,1
"Zhao2.mtx.hgr",33861,33861,166453,4.91577,0.437317,3,5,5,5,5,6,4.91577,1.0384,2,6,7,5,5,5,1
