algorithm,graph,timeout,seed,k,epsilon,num_threads,imbalance,totalPartitionTime,objective,km1,cut,failed
KaFFPa-StrongS*,amazon-2008.graph,yes,10,128,0.03,1,1.0,2147483647,km1,2147483647,2147483647,no
KaFFPa-StrongS*,amazon-2008.graph,yes,1,128,0.03,1,1.0,2147483647,km1,2147483647,2147483647,no
KaFFPa-StrongS*,amazon-2008.graph,yes,2,128,0.03,1,1.0,2147483647,km1,2147483647,2147483647,no
KaFFPa-StrongS*,amazon-2008.graph,yes,3,128,0.03,1,1.0,2147483647,km1,2147483647,2147483647,no
KaFFPa-StrongS*,amazon-2008.graph,yes,4,128,0.03,1,1.0,2147483647,km1,2147483647,2147483647,no
KaFFPa-StrongS*,amazon-2008.graph,yes,5,128,0.03,1,1.0,2147483647,km1,2147483647,2147483647,no
KaFFPa-StrongS*,amazon-2008.graph,no,6,128,0.03,1,0.029770000000000074,19537.8,km1,408023,408023,no
KaFFPa-StrongS*,amazon-2008.graph,no,7,128,0.03,1,0.029770000000000074,22604.5,km1,410371,410371,no
KaFFPa-StrongS*,amazon-2008.graph,no,8,128,0.03,1,0.029770000000000074,25914.3,km1,409092,409092,no
KaFFPa-StrongS*,amazon-2008.graph,yes,9,128,0.03,1,1.0,2147483647,km1,2147483647,2147483647,no
KaFFPa-StrongS*,amazon-2008.graph,no,10,16,0.03,1,0.029959999999999987,2052.82,km1,234018,234018,no
KaFFPa-StrongS*,amazon-2008.graph,no,1,16,0.03,1,0.029959999999999987,1404.74,km1,232894,232894,no
KaFFPa-StrongS*,amazon-2008.graph,no,2,16,0.03,1,0.029959999999999987,2957.82,km1,237795,237795,no
KaFFPa-StrongS*,amazon-2008.graph,no,3,16,0.03,1,0.029959999999999987,2005.76,km1,235189,235189,no
KaFFPa-StrongS*,amazon-2008.graph,no,4,16,0.03,1,0.029959999999999987,1891.66,km1,230564,230564,no
KaFFPa-StrongS*,amazon-2008.graph,no,5,16,0.03,1,0.029959999999999987,1556.94,km1,229509,229509,no
KaFFPa-StrongS*,amazon-2008.graph,no,6,16,0.03,1,0.029959999999999987,2308.07,km1,232062,232062,no
KaFFPa-StrongS*,amazon-2008.graph,no,7,16,0.03,1,0.029959999999999987,1705.23,km1,233802,233802,no
KaFFPa-StrongS*,amazon-2008.graph,no,8,16,0.03,1,0.029959999999999987,2099.0,km1,233156,233156,no
KaFFPa-StrongS*,amazon-2008.graph,no,9,16,0.03,1,0.029959999999999987,1289.53,km1,231117,231117,no
KaFFPa-StrongS*,amazon-2008.graph,no,10,2,0.03,1,0.02998999999999996,194.829,km1,69335,69335,no
KaFFPa-StrongS*,amazon-2008.graph,no,1,2,0.03,1,0.029979999999999896,275.047,km1,67898,67898,no
KaFFPa-StrongS*,amazon-2008.graph,no,2,2,0.03,1,0.02998999999999996,216.112,km1,68876,68876,no
KaFFPa-StrongS*,amazon-2008.graph,no,3,2,0.03,1,0.029979999999999896,257.183,km1,68799,68799,no
KaFFPa-StrongS*,amazon-2008.graph,no,4,2,0.03,1,0.029910000000000103,238.634,km1,71618,71618,no
KaFFPa-StrongS*,amazon-2008.graph,no,5,2,0.03,1,0.02998999999999996,169.101,km1,67867,67867,no
KaFFPa-StrongS*,amazon-2008.graph,no,6,2,0.03,1,0.02998999999999996,200.455,km1,70781,70781,no
KaFFPa-StrongS*,amazon-2008.graph,no,7,2,0.03,1,0.02998999999999996,207.45,km1,67938,67938,no
KaFFPa-StrongS*,amazon-2008.graph,no,8,2,0.03,1,0.02998999999999996,219.746,km1,69727,69727,no
KaFFPa-StrongS*,amazon-2008.graph,no,9,2,0.03,1,0.029970000000000052,204.747,km1,69040,69040,no
KaFFPa-StrongS*,amazon-2008.graph,no,10,32,0.03,1,0.029940000000000078,4748.52,km1,291865,291865,no
KaFFPa-StrongS*,amazon-2008.graph,no,1,32,0.03,1,0.029940000000000078,3500.88,km1,289048,289048,no
KaFFPa-StrongS*,amazon-2008.graph,no,2,32,0.03,1,0.029940000000000078,5974.96,km1,288394,288394,no
KaFFPa-StrongS*,amazon-2008.graph,no,3,32,0.03,1,0.029940000000000078,3639.49,km1,289588,289588,no
KaFFPa-StrongS*,amazon-2008.graph,no,4,32,0.03,1,0.029940000000000078,6297.17,km1,289996,289996,no
KaFFPa-StrongS*,amazon-2008.graph,no,5,32,0.03,1,0.029940000000000078,3703.87,km1,288480,288480,no
KaFFPa-StrongS*,amazon-2008.graph,no,6,32,0.03,1,0.029940000000000078,7097.11,km1,291779,291779,no
KaFFPa-StrongS*,amazon-2008.graph,no,7,32,0.03,1,0.029940000000000078,4337.49,km1,291079,291079,no
KaFFPa-StrongS*,amazon-2008.graph,no,8,32,0.03,1,0.029940000000000078,5174.75,km1,288767,288767,no
KaFFPa-StrongS*,amazon-2008.graph,no,9,32,0.03,1,0.029940000000000078,3696.39,km1,291187,291187,no
KaFFPa-StrongS*,amazon-2008.graph,no,10,4,0.03,1,0.02998999999999996,376.09,km1,127575,127575,no
KaFFPa-StrongS*,amazon-2008.graph,no,1,4,0.03,1,0.029859999999999998,431.598,km1,131882,131882,no
KaFFPa-StrongS*,amazon-2008.graph,no,2,4,0.03,1,0.029979999999999896,440.959,km1,134085,134085,no
KaFFPa-StrongS*,amazon-2008.graph,no,3,4,0.03,1,0.027719999999999967,390.354,km1,133146,133146,no
KaFFPa-StrongS*,amazon-2008.graph,no,4,4,0.03,1,0.02998999999999996,420.084,km1,133181,133181,no
KaFFPa-StrongS*,amazon-2008.graph,no,5,4,0.03,1,0.02998999999999996,496.204,km1,131841,131841,no
KaFFPa-StrongS*,amazon-2008.graph,no,6,4,0.03,1,0.02998999999999996,552.837,km1,130832,130832,no
KaFFPa-StrongS*,amazon-2008.graph,no,7,4,0.03,1,0.02998999999999996,393.249,km1,129137,129137,no
KaFFPa-StrongS*,amazon-2008.graph,no,8,4,0.03,1,0.029979999999999896,352.092,km1,133477,133477,no
KaFFPa-StrongS*,amazon-2008.graph,no,9,4,0.03,1,0.029889999999999972,333.236,km1,131298,131298,no
KaFFPa-StrongS*,amazon-2008.graph,no,10,64,0.03,1,0.029849999999999932,14322.6,km1,348671,348671,no
KaFFPa-StrongS*,amazon-2008.graph,no,1,64,0.03,1,0.029849999999999932,15991.0,km1,347858,347858,no
KaFFPa-StrongS*,amazon-2008.graph,no,2,64,0.03,1,0.029849999999999932,16432.2,km1,348939,348939,no
KaFFPa-StrongS*,amazon-2008.graph,no,3,64,0.03,1,0.029849999999999932,13154.6,km1,346454,346454,no
KaFFPa-StrongS*,amazon-2008.graph,no,4,64,0.03,1,0.029849999999999932,14741.0,km1,346039,346039,no
KaFFPa-StrongS*,amazon-2008.graph,no,5,64,0.03,1,0.029849999999999932,9266.24,km1,346115,346115,no
KaFFPa-StrongS*,amazon-2008.graph,no,6,64,0.03,1,0.029849999999999932,12998.0,km1,349501,349501,no
KaFFPa-StrongS*,amazon-2008.graph,no,7,64,0.03,1,0.029849999999999932,11983.8,km1,344330,344330,no
KaFFPa-StrongS*,amazon-2008.graph,no,8,64,0.03,1,0.029849999999999932,19064.5,km1,346896,346896,no
KaFFPa-StrongS*,amazon-2008.graph,no,9,64,0.03,1,0.029849999999999932,18402.2,km1,346562,346562,no
KaFFPa-StrongS*,amazon-2008.graph,no,10,8,0.03,1,0.029979999999999896,546.211,km1,184174,184174,no
KaFFPa-StrongS*,amazon-2008.graph,no,1,8,0.03,1,0.029979999999999896,519.872,km1,180156,180156,no
KaFFPa-StrongS*,amazon-2008.graph,no,2,8,0.03,1,0.029979999999999896,595.941,km1,180902,180902,no
KaFFPa-StrongS*,amazon-2008.graph,no,3,8,0.03,1,0.029979999999999896,566.076,km1,185472,185472,no
KaFFPa-StrongS*,amazon-2008.graph,no,4,8,0.03,1,0.029979999999999896,448.282,km1,182728,182728,no
KaFFPa-StrongS*,amazon-2008.graph,no,5,8,0.03,1,0.029979999999999896,493.263,km1,180143,180143,no
KaFFPa-StrongS*,amazon-2008.graph,no,6,8,0.03,1,0.02956000000000003,475.603,km1,187246,187246,no
KaFFPa-StrongS*,amazon-2008.graph,no,7,8,0.03,1,0.029979999999999896,761.439,km1,180608,180608,no
KaFFPa-StrongS*,amazon-2008.graph,no,8,8,0.03,1,0.029979999999999896,496.818,km1,180251,180251,no
KaFFPa-StrongS*,amazon-2008.graph,no,9,8,0.03,1,0.029979999999999896,588.881,km1,180514,180514,no
KaFFPa-StrongS*,as-22july06.graph,no,10,128,0.03,1,0.022219999999999906,211.978,km1,23204,23204,no
KaFFPa-StrongS*,as-22july06.graph,no,1,128,0.03,1,0.027779999999999916,324.036,km1,23126,23126,no
KaFFPa-StrongS*,as-22july06.graph,no,2,128,0.03,1,0.022219999999999906,389.438,km1,23114,23114,no
KaFFPa-StrongS*,as-22july06.graph,no,3,128,0.03,1,0.022219999999999906,322.74,km1,23085,23085,no
KaFFPa-StrongS*,as-22july06.graph,no,4,128,0.03,1,0.022219999999999906,347.152,km1,23114,23114,no
KaFFPa-StrongS*,as-22july06.graph,no,5,128,0.03,1,0.022219999999999906,459.758,km1,23045,23045,no
KaFFPa-StrongS*,as-22july06.graph,no,6,128,0.03,1,0.022219999999999906,372.15,km1,23102,23102,no
KaFFPa-StrongS*,as-22july06.graph,no,7,128,0.03,1,0.027779999999999916,273.639,km1,23043,23043,no
KaFFPa-StrongS*,as-22july06.graph,no,8,128,0.03,1,0.022219999999999906,295.245,km1,23038,23038,no
KaFFPa-StrongS*,as-22july06.graph,no,9,128,0.03,1,0.027779999999999916,219.664,km1,23034,23034,no
KaFFPa-StrongS*,as-22july06.graph,no,10,16,0.03,1,0.029249999999999998,28.079,km1,13777,13777,no
KaFFPa-StrongS*,as-22july06.graph,no,1,16,0.03,1,0.029249999999999998,38.2071,km1,13692,13692,no
KaFFPa-StrongS*,as-22july06.graph,no,2,16,0.03,1,0.029249999999999998,40.0126,km1,13834,13834,no
KaFFPa-StrongS*,as-22july06.graph,no,3,16,0.03,1,0.029249999999999998,32.2325,km1,13785,13785,no
KaFFPa-StrongS*,as-22july06.graph,no,4,16,0.03,1,0.029249999999999998,28.0843,km1,13837,13837,no
KaFFPa-StrongS*,as-22july06.graph,no,5,16,0.03,1,0.029249999999999998,31.0037,km1,13774,13774,no
KaFFPa-StrongS*,as-22july06.graph,no,6,16,0.03,1,0.029249999999999998,39.5997,km1,14150,14150,no
KaFFPa-StrongS*,as-22july06.graph,no,7,16,0.03,1,0.029249999999999998,31.5938,km1,13770,13770,no
KaFFPa-StrongS*,as-22july06.graph,no,8,16,0.03,1,0.029249999999999998,36.3493,km1,13744,13744,no
KaFFPa-StrongS*,as-22july06.graph,no,9,16,0.03,1,0.029249999999999998,30.9352,km1,13579,13579,no
KaFFPa-StrongS*,as-22july06.graph,no,10,2,0.03,1,0.0003500000000000725,4.0131,km1,3570,3570,no
KaFFPa-StrongS*,as-22july06.graph,no,1,2,0.03,1,0.0003500000000000725,3.74419,km1,3515,3515,no
KaFFPa-StrongS*,as-22july06.graph,no,2,2,0.03,1,0.0003500000000000725,4.02182,km1,3565,3565,no
KaFFPa-StrongS*,as-22july06.graph,no,3,2,0.03,1,8.999999999992347e-05,4.19276,km1,3516,3516,no
KaFFPa-StrongS*,as-22july06.graph,no,4,2,0.03,1,8.999999999992347e-05,4.02049,km1,3515,3515,no
KaFFPa-StrongS*,as-22july06.graph,no,5,2,0.03,1,0.0,3.78789,km1,3516,3516,no
KaFFPa-StrongS*,as-22july06.graph,no,6,2,0.03,1,0.00017000000000000348,4.25978,km1,3516,3516,no
KaFFPa-StrongS*,as-22july06.graph,no,7,2,0.03,1,0.0,3.74686,km1,3515,3515,no
KaFFPa-StrongS*,as-22july06.graph,no,8,2,0.03,1,0.0,3.96015,km1,3515,3515,no
KaFFPa-StrongS*,as-22july06.graph,no,9,2,0.03,1,0.00025999999999992696,3.83921,km1,3516,3516,no
KaFFPa-StrongS*,as-22july06.graph,no,10,32,0.03,1,0.027859999999999996,52.6588,km1,16472,16472,no
KaFFPa-StrongS*,as-22july06.graph,no,1,32,0.03,1,0.027859999999999996,70.5271,km1,16232,16232,no
KaFFPa-StrongS*,as-22july06.graph,no,2,32,0.03,1,0.027859999999999996,48.346,km1,16396,16396,no
KaFFPa-StrongS*,as-22july06.graph,no,3,32,0.03,1,0.027859999999999996,103.335,km1,16235,16235,no
KaFFPa-StrongS*,as-22july06.graph,no,4,32,0.03,1,0.027859999999999996,114.938,km1,16089,16089,no
KaFFPa-StrongS*,as-22july06.graph,no,5,32,0.03,1,0.027859999999999996,74.3287,km1,16289,16289,no
KaFFPa-StrongS*,as-22july06.graph,no,6,32,0.03,1,0.027859999999999996,44.2858,km1,16615,16615,no
KaFFPa-StrongS*,as-22july06.graph,no,7,32,0.03,1,0.027859999999999996,83.4084,km1,16402,16402,no
KaFFPa-StrongS*,as-22july06.graph,no,8,32,0.03,1,0.027859999999999996,124.479,km1,16278,16278,no
KaFFPa-StrongS*,as-22july06.graph,no,9,32,0.03,1,0.027859999999999996,83.7451,km1,16312,16312,no
KaFFPa-StrongS*,as-22july06.graph,no,10,4,0.03,1,0.029789999999999983,5.80905,km1,7428,7428,no
KaFFPa-StrongS*,as-22july06.graph,no,1,4,0.03,1,0.029609999999999914,4.32507,km1,7507,7507,no
KaFFPa-StrongS*,as-22july06.graph,no,2,4,0.03,1,0.029789999999999983,5.25101,km1,7422,7422,no
KaFFPa-StrongS*,as-22july06.graph,no,3,4,0.03,1,0.029609999999999914,4.47353,km1,7512,7512,no
KaFFPa-StrongS*,as-22july06.graph,no,4,4,0.03,1,0.029789999999999983,5.22808,km1,7212,7212,no
KaFFPa-StrongS*,as-22july06.graph,no,5,4,0.03,1,0.029789999999999983,5.02816,km1,7460,7460,no
KaFFPa-StrongS*,as-22july06.graph,no,6,4,0.03,1,0.029789999999999983,4.33783,km1,7445,7445,no
KaFFPa-StrongS*,as-22july06.graph,no,7,4,0.03,1,0.029609999999999914,5.78324,km1,7594,7594,no
KaFFPa-StrongS*,as-22july06.graph,no,8,4,0.03,1,0.029789999999999983,5.17419,km1,7538,7538,no
KaFFPa-StrongS*,as-22july06.graph,no,9,4,0.03,1,0.029789999999999983,6.0424,km1,7292,7292,no
KaFFPa-StrongS*,as-22july06.graph,no,10,64,0.03,1,0.025069999999999926,158.86,km1,19350,19350,no
KaFFPa-StrongS*,as-22july06.graph,no,1,64,0.03,1,0.025069999999999926,134.849,km1,19483,19483,no
KaFFPa-StrongS*,as-22july06.graph,no,2,64,0.03,1,0.027859999999999996,158.576,km1,19433,19433,no
KaFFPa-StrongS*,as-22july06.graph,no,3,64,0.03,1,0.025069999999999926,146.866,km1,19556,19556,no
KaFFPa-StrongS*,as-22july06.graph,no,4,64,0.03,1,0.025069999999999926,231.871,km1,19548,19548,no
KaFFPa-StrongS*,as-22july06.graph,no,5,64,0.03,1,0.025069999999999926,162.634,km1,19351,19351,no
KaFFPa-StrongS*,as-22july06.graph,no,6,64,0.03,1,0.025069999999999926,144.114,km1,19494,19494,no
KaFFPa-StrongS*,as-22july06.graph,no,7,64,0.03,1,0.025069999999999926,200.678,km1,19492,19492,no
KaFFPa-StrongS*,as-22july06.graph,no,8,64,0.03,1,0.025069999999999926,167.717,km1,19545,19545,no
KaFFPa-StrongS*,as-22july06.graph,no,9,64,0.03,1,0.025069999999999926,126.64,km1,19654,19654,no
KaFFPa-StrongS*,as-22july06.graph,no,10,8,0.03,1,0.029609999999999914,17.316,km1,10891,10891,no
KaFFPa-StrongS*,as-22july06.graph,no,1,8,0.03,1,0.029609999999999914,17.9153,km1,10878,10878,no
KaFFPa-StrongS*,as-22july06.graph,no,2,8,0.03,1,0.029260000000000064,12.2689,km1,11029,11029,no
KaFFPa-StrongS*,as-22july06.graph,no,3,8,0.03,1,0.029609999999999914,11.7226,km1,10887,10887,no
KaFFPa-StrongS*,as-22july06.graph,no,4,8,0.03,1,0.029609999999999914,14.7876,km1,10967,10967,no
KaFFPa-StrongS*,as-22july06.graph,no,5,8,0.03,1,0.029609999999999914,17.7598,km1,10769,10769,no
KaFFPa-StrongS*,as-22july06.graph,no,6,8,0.03,1,0.029609999999999914,18.3267,km1,10972,10972,no
KaFFPa-StrongS*,as-22july06.graph,no,7,8,0.03,1,0.029609999999999914,15.727,km1,11077,11077,no
KaFFPa-StrongS*,as-22july06.graph,no,8,8,0.03,1,0.029609999999999914,12.501,km1,10847,10847,no
KaFFPa-StrongS*,as-22july06.graph,no,9,8,0.03,1,0.029609999999999914,19.5782,km1,10812,10812,no
KaFFPa-StrongS*,as-skitter.graph,yes,10,128,0.03,1,1.0,2147483647,km1,2147483647,2147483647,no
KaFFPa-StrongS*,as-skitter.graph,yes,1,128,0.03,1,1.0,2147483647,km1,2147483647,2147483647,no
KaFFPa-StrongS*,as-skitter.graph,yes,2,128,0.03,1,1.0,2147483647,km1,2147483647,2147483647,no
KaFFPa-StrongS*,as-skitter.graph,yes,3,128,0.03,1,1.0,2147483647,km1,2147483647,2147483647,no
KaFFPa-StrongS*,as-skitter.graph,yes,4,128,0.03,1,1.0,2147483647,km1,2147483647,2147483647,no
KaFFPa-StrongS*,as-skitter.graph,yes,5,128,0.03,1,1.0,2147483647,km1,2147483647,2147483647,no
KaFFPa-StrongS*,as-skitter.graph,yes,6,128,0.03,1,1.0,2147483647,km1,2147483647,2147483647,no
KaFFPa-StrongS*,as-skitter.graph,yes,7,128,0.03,1,1.0,2147483647,km1,2147483647,2147483647,no
KaFFPa-StrongS*,as-skitter.graph,yes,8,128,0.03,1,1.0,2147483647,km1,2147483647,2147483647,no
KaFFPa-StrongS*,as-skitter.graph,yes,9,128,0.03,1,1.0,2147483647,km1,2147483647,2147483647,no
KaFFPa-StrongS*,as-skitter.graph,no,10,16,0.03,1,0.029959999999999987,6529.83,km1,871730,871730,no
KaFFPa-StrongS*,as-skitter.graph,no,1,16,0.03,1,0.029959999999999987,5578.98,km1,886995,886995,no
KaFFPa-StrongS*,as-skitter.graph,no,2,16,0.03,1,0.029959999999999987,4675.94,km1,881217,881217,no
KaFFPa-StrongS*,as-skitter.graph,no,3,16,0.03,1,0.029959999999999987,5241.05,km1,886908,886908,no
KaFFPa-StrongS*,as-skitter.graph,no,4,16,0.03,1,0.029959999999999987,6356.19,km1,887584,887584,no
KaFFPa-StrongS*,as-skitter.graph,no,5,16,0.03,1,0.029959999999999987,5284.41,km1,901095,901095,no
KaFFPa-StrongS*,as-skitter.graph,no,6,16,0.03,1,0.029959999999999987,5872.3,km1,878006,878006,no
KaFFPa-StrongS*,as-skitter.graph,no,7,16,0.03,1,0.029959999999999987,3104.61,km1,903022,903022,no
KaFFPa-StrongS*,as-skitter.graph,no,8,16,0.03,1,0.029959999999999987,6530.02,km1,872836,872836,no
KaFFPa-StrongS*,as-skitter.graph,no,9,16,0.03,1,0.029959999999999987,6193.42,km1,898238,898238,no
KaFFPa-StrongS*,as-skitter.graph,no,10,2,0.03,1,0.02998999999999996,474.467,km1,233863,233863,no
KaFFPa-StrongS*,as-skitter.graph,no,1,2,0.03,1,0.02998999999999996,411.981,km1,242379,242379,no
KaFFPa-StrongS*,as-skitter.graph,no,2,2,0.03,1,0.02998999999999996,416.083,km1,237478,237478,no
KaFFPa-StrongS*,as-skitter.graph,no,3,2,0.03,1,0.02998999999999996,424.282,km1,243179,243179,no
KaFFPa-StrongS*,as-skitter.graph,no,4,2,0.03,1,0.02998999999999996,577.028,km1,264626,264626,no
KaFFPa-StrongS*,as-skitter.graph,no,5,2,0.03,1,0.02998999999999996,434.025,km1,231020,231020,no
KaFFPa-StrongS*,as-skitter.graph,no,6,2,0.03,1,0.02998999999999996,384.372,km1,233608,233608,no
KaFFPa-StrongS*,as-skitter.graph,no,7,2,0.03,1,0.02998999999999996,522.339,km1,243688,243688,no
KaFFPa-StrongS*,as-skitter.graph,no,8,2,0.03,1,0.02998999999999996,519.135,km1,233592,233592,no
KaFFPa-StrongS*,as-skitter.graph,no,9,2,0.03,1,0.02998999999999996,387.382,km1,239371,239371,no
KaFFPa-StrongS*,as-skitter.graph,no,10,32,0.03,1,0.029930000000000012,9896.68,km1,1186313,1186313,no
KaFFPa-StrongS*,as-skitter.graph,no,1,32,0.03,1,0.029930000000000012,3926.25,km1,1176823,1176823,no
KaFFPa-StrongS*,as-skitter.graph,no,2,32,0.03,1,0.029930000000000012,10442.2,km1,1180347,1180347,no
KaFFPa-StrongS*,as-skitter.graph,no,3,32,0.03,1,0.029930000000000012,14196.7,km1,1173391,1173391,no
KaFFPa-StrongS*,as-skitter.graph,no,4,32,0.03,1,0.029930000000000012,11442.6,km1,1176992,1176992,no
KaFFPa-StrongS*,as-skitter.graph,no,5,32,0.03,1,0.029930000000000012,8593.24,km1,1179395,1179395,no
KaFFPa-StrongS*,as-skitter.graph,no,6,32,0.03,1,0.029930000000000012,16193.6,km1,1177257,1177257,no
KaFFPa-StrongS*,as-skitter.graph,no,7,32,0.03,1,0.029930000000000012,12435.0,km1,1187756,1187756,no
KaFFPa-StrongS*,as-skitter.graph,no,8,32,0.03,1,0.029930000000000012,15805.4,km1,1195723,1195723,no
KaFFPa-StrongS*,as-skitter.graph,no,9,32,0.03,1,0.029930000000000012,8568.52,km1,1170397,1170397,no
KaFFPa-StrongS*,as-skitter.graph,no,10,4,0.03,1,0.02998999999999996,1634.41,km1,449507,449507,no
KaFFPa-StrongS*,as-skitter.graph,no,1,4,0.03,1,0.02998999999999996,2124.17,km1,441518,441518,no
KaFFPa-StrongS*,as-skitter.graph,no,2,4,0.03,1,0.02998999999999996,962.889,km1,462171,462171,no
KaFFPa-StrongS*,as-skitter.graph,no,3,4,0.03,1,0.02998999999999996,867.043,km1,453252,453252,no
KaFFPa-StrongS*,as-skitter.graph,no,4,4,0.03,1,0.02998999999999996,1259.89,km1,446342,446342,no
KaFFPa-StrongS*,as-skitter.graph,no,5,4,0.03,1,0.02998999999999996,1132.17,km1,423227,423227,no
KaFFPa-StrongS*,as-skitter.graph,no,6,4,0.03,1,0.029979999999999896,726.328,km1,460389,460389,no
KaFFPa-StrongS*,as-skitter.graph,no,7,4,0.03,1,0.02998999999999996,1099.98,km1,440864,440864,no
KaFFPa-StrongS*,as-skitter.graph,no,8,4,0.03,1,0.02998999999999996,864.992,km1,443488,443488,no
KaFFPa-StrongS*,as-skitter.graph,no,9,4,0.03,1,0.02998999999999996,1052.26,km1,436457,436457,no
KaFFPa-StrongS*,as-skitter.graph,no,10,64,0.03,1,0.029870000000000063,26114.2,km1,1581787,1581787,no
KaFFPa-StrongS*,as-skitter.graph,no,1,64,0.03,1,0.029870000000000063,25435.3,km1,1565319,1565319,no
KaFFPa-StrongS*,as-skitter.graph,no,2,64,0.03,1,0.029870000000000063,22081.6,km1,1566620,1566620,no
KaFFPa-StrongS*,as-skitter.graph,no,3,64,0.03,1,0.029870000000000063,21018.6,km1,1566332,1566332,no
KaFFPa-StrongS*,as-skitter.graph,yes,4,64,0.03,1,1.0,2147483647,km1,2147483647,2147483647,no
KaFFPa-StrongS*,as-skitter.graph,no,5,64,0.03,1,0.029870000000000063,21901.2,km1,1564815,1564815,no
KaFFPa-StrongS*,as-skitter.graph,yes,6,64,0.03,1,1.0,2147483647,km1,2147483647,2147483647,no
KaFFPa-StrongS*,as-skitter.graph,no,7,64,0.03,1,0.029870000000000063,23015.0,km1,1569540,1569540,no
KaFFPa-StrongS*,as-skitter.graph,no,8,64,0.03,1,0.029870000000000063,27700.6,km1,1592899,1592899,no
KaFFPa-StrongS*,as-skitter.graph,no,9,64,0.03,1,0.029870000000000063,23672.5,km1,1580010,1580010,no
KaFFPa-StrongS*,as-skitter.graph,no,10,8,0.03,1,0.02998999999999996,4806.74,km1,621689,621689,no
KaFFPa-StrongS*,as-skitter.graph,no,1,8,0.03,1,0.02998999999999996,4083.91,km1,606831,606831,no
KaFFPa-StrongS*,as-skitter.graph,no,2,8,0.03,1,0.02998999999999996,5349.65,km1,644209,644209,no
KaFFPa-StrongS*,as-skitter.graph,no,3,8,0.03,1,0.02998999999999996,3264.51,km1,604809,604809,no
KaFFPa-StrongS*,as-skitter.graph,no,4,8,0.03,1,0.02998999999999996,5744.57,km1,616591,616591,no
KaFFPa-StrongS*,as-skitter.graph,no,5,8,0.03,1,0.02998999999999996,2809.31,km1,622771,622771,no
KaFFPa-StrongS*,as-skitter.graph,no,6,8,0.03,1,0.02998999999999996,5100.61,km1,606851,606851,no
KaFFPa-StrongS*,as-skitter.graph,no,7,8,0.03,1,0.02998999999999996,1968.58,km1,621834,621834,no
KaFFPa-StrongS*,as-skitter.graph,no,8,8,0.03,1,0.02998999999999996,3571.23,km1,619461,619461,no
KaFFPa-StrongS*,as-skitter.graph,no,9,8,0.03,1,0.02998999999999996,2136.87,km1,627747,627747,no
KaFFPa-StrongS*,citationCiteseer.graph,no,10,128,0.03,1,0.029079999999999995,12809.9,km1,268096,268096,no
KaFFPa-StrongS*,citationCiteseer.graph,no,1,128,0.03,1,0.029079999999999995,8165.24,km1,266054,266054,no
KaFFPa-StrongS*,citationCiteseer.graph,no,2,128,0.03,1,0.029079999999999995,13588.9,km1,268199,268199,no
KaFFPa-StrongS*,citationCiteseer.graph,no,3,128,0.03,1,0.029079999999999995,10582.4,km1,266942,266942,no
KaFFPa-StrongS*,citationCiteseer.graph,no,4,128,0.03,1,0.029079999999999995,10325.5,km1,267025,267025,no
KaFFPa-StrongS*,citationCiteseer.graph,no,5,128,0.03,1,0.029079999999999995,7644.86,km1,266105,266105,no
KaFFPa-StrongS*,citationCiteseer.graph,no,6,128,0.03,1,0.029079999999999995,10806.2,km1,267050,267050,no
KaFFPa-StrongS*,citationCiteseer.graph,no,7,128,0.03,1,0.029079999999999995,8746.55,km1,266867,266867,no
KaFFPa-StrongS*,citationCiteseer.graph,no,8,128,0.03,1,0.029079999999999995,10376.0,km1,265945,265945,no
KaFFPa-StrongS*,citationCiteseer.graph,no,9,128,0.03,1,0.029079999999999995,11677.2,km1,265711,265711,no
KaFFPa-StrongS*,citationCiteseer.graph,no,10,16,0.03,1,0.029910000000000103,586.862,km1,136404,136404,no
KaFFPa-StrongS*,citationCiteseer.graph,no,1,16,0.03,1,0.029910000000000103,321.654,km1,139171,139171,no
KaFFPa-StrongS*,citationCiteseer.graph,no,2,16,0.03,1,0.029910000000000103,762.105,km1,141706,141706,no
KaFFPa-StrongS*,citationCiteseer.graph,no,3,16,0.03,1,0.029910000000000103,400.501,km1,138905,138905,no
KaFFPa-StrongS*,citationCiteseer.graph,no,4,16,0.03,1,0.029910000000000103,660.147,km1,138227,138227,no
KaFFPa-StrongS*,citationCiteseer.graph,no,5,16,0.03,1,0.029910000000000103,878.818,km1,137535,137535,no
KaFFPa-StrongS*,citationCiteseer.graph,no,6,16,0.03,1,0.029910000000000103,602.128,km1,138597,138597,no
KaFFPa-StrongS*,citationCiteseer.graph,no,7,16,0.03,1,0.029910000000000103,440.535,km1,138853,138853,no
KaFFPa-StrongS*,citationCiteseer.graph,no,8,16,0.03,1,0.029910000000000103,501.558,km1,137524,137524,no
KaFFPa-StrongS*,citationCiteseer.graph,no,9,16,0.03,1,0.029910000000000103,583.752,km1,137957,137957,no
KaFFPa-StrongS*,citationCiteseer.graph,no,10,2,0.03,1,0.0007999999999999119,77.4064,km1,32217,32217,no
KaFFPa-StrongS*,citationCiteseer.graph,no,1,2,0.03,1,0.0013300000000000534,85.7724,km1,32237,32237,no
KaFFPa-StrongS*,citationCiteseer.graph,no,2,2,0.03,1,0.00015999999999993797,85.2195,km1,32127,32127,no
KaFFPa-StrongS*,citationCiteseer.graph,no,3,2,0.03,1,0.00022999999999995246,75.021,km1,32173,32173,no
KaFFPa-StrongS*,citationCiteseer.graph,no,4,2,0.03,1,0.0039000000000000146,81.7464,km1,32210,32210,no
KaFFPa-StrongS*,citationCiteseer.graph,no,5,2,0.03,1,0.012990000000000057,79.2994,km1,32748,32748,no
KaFFPa-StrongS*,citationCiteseer.graph,no,6,2,0.03,1,9.999999999998899e-05,85.8482,km1,32132,32132,no
KaFFPa-StrongS*,citationCiteseer.graph,no,7,2,0.03,1,0.012639999999999985,82.0965,km1,32179,32179,no
KaFFPa-StrongS*,citationCiteseer.graph,no,8,2,0.03,1,2.999999999997449e-05,79.249,km1,32410,32410,no
KaFFPa-StrongS*,citationCiteseer.graph,no,9,2,0.03,1,0.00026999999999999247,78.6215,km1,32227,32227,no
KaFFPa-StrongS*,citationCiteseer.graph,no,10,32,0.03,1,0.029789999999999983,1938.92,km1,182252,182252,no
KaFFPa-StrongS*,citationCiteseer.graph,no,1,32,0.03,1,0.029789999999999983,1003.53,km1,180362,180362,no
KaFFPa-StrongS*,citationCiteseer.graph,no,2,32,0.03,1,0.029789999999999983,1397.64,km1,180051,180051,no
KaFFPa-StrongS*,citationCiteseer.graph,no,3,32,0.03,1,0.029789999999999983,1424.91,km1,183326,183326,no
KaFFPa-StrongS*,citationCiteseer.graph,no,4,32,0.03,1,0.029789999999999983,988.558,km1,183407,183407,no
KaFFPa-StrongS*,citationCiteseer.graph,no,5,32,0.03,1,0.029789999999999983,1495.71,km1,183575,183575,no
KaFFPa-StrongS*,citationCiteseer.graph,no,6,32,0.03,1,0.029789999999999983,1772.05,km1,181153,181153,no
KaFFPa-StrongS*,citationCiteseer.graph,no,7,32,0.03,1,0.029789999999999983,1598.14,km1,180938,180938,no
KaFFPa-StrongS*,citationCiteseer.graph,no,8,32,0.03,1,0.029789999999999983,1687.99,km1,183788,183788,no
KaFFPa-StrongS*,citationCiteseer.graph,no,9,32,0.03,1,0.029789999999999983,1497.31,km1,182400,182400,no
KaFFPa-StrongS*,citationCiteseer.graph,no,10,4,0.03,1,0.02906999999999993,137.232,km1,68007,68007,no
KaFFPa-StrongS*,citationCiteseer.graph,no,1,4,0.03,1,0.029970000000000052,166.391,km1,69565,69565,no
KaFFPa-StrongS*,citationCiteseer.graph,no,2,4,0.03,1,0.026699999999999946,126.166,km1,67463,67463,no
KaFFPa-StrongS*,citationCiteseer.graph,no,3,4,0.03,1,0.021150000000000002,142.096,km1,68058,68058,no
KaFFPa-StrongS*,citationCiteseer.graph,no,4,4,0.03,1,0.029870000000000063,136.18,km1,68063,68063,no
KaFFPa-StrongS*,citationCiteseer.graph,no,5,4,0.03,1,0.02200000000000002,129.313,km1,67974,67974,no
KaFFPa-StrongS*,citationCiteseer.graph,no,6,4,0.03,1,0.029970000000000052,129.408,km1,68365,68365,no
KaFFPa-StrongS*,citationCiteseer.graph,no,7,4,0.03,1,0.029959999999999987,175.456,km1,72693,72693,no
KaFFPa-StrongS*,citationCiteseer.graph,no,8,4,0.03,1,0.027670000000000083,137.274,km1,67760,67760,no
KaFFPa-StrongS*,citationCiteseer.graph,no,9,4,0.03,1,0.029940000000000078,145.016,km1,67567,67567,no
KaFFPa-StrongS*,citationCiteseer.graph,no,10,64,0.03,1,0.029549999999999965,4010.31,km1,222186,222186,no
KaFFPa-StrongS*,citationCiteseer.graph,no,1,64,0.03,1,0.029549999999999965,4761.96,km1,223137,223137,no
KaFFPa-StrongS*,citationCiteseer.graph,no,2,64,0.03,1,0.029549999999999965,3695.46,km1,223025,223025,no
KaFFPa-StrongS*,citationCiteseer.graph,no,3,64,0.03,1,0.029549999999999965,4810.16,km1,223953,223953,no
KaFFPa-StrongS*,citationCiteseer.graph,no,4,64,0.03,1,0.029549999999999965,3626.79,km1,223714,223714,no
KaFFPa-StrongS*,citationCiteseer.graph,no,5,64,0.03,1,0.029549999999999965,4929.01,km1,223927,223927,no
KaFFPa-StrongS*,citationCiteseer.graph,no,6,64,0.03,1,0.029549999999999965,4013.96,km1,223777,223777,no
KaFFPa-StrongS*,citationCiteseer.graph,no,7,64,0.03,1,0.029549999999999965,6991.42,km1,223991,223991,no
KaFFPa-StrongS*,citationCiteseer.graph,no,8,64,0.03,1,0.029549999999999965,3892.24,km1,222822,222822,no
KaFFPa-StrongS*,citationCiteseer.graph,no,9,64,0.03,1,0.029549999999999965,4372.4,km1,222301,222301,no
KaFFPa-StrongS*,citationCiteseer.graph,no,10,8,0.03,1,0.029940000000000078,242.33,km1,104240,104240,no
KaFFPa-StrongS*,citationCiteseer.graph,no,1,8,0.03,1,0.029940000000000078,178.783,km1,102170,102170,no
KaFFPa-StrongS*,citationCiteseer.graph,no,2,8,0.03,1,0.02980000000000005,210.251,km1,103926,103926,no
KaFFPa-StrongS*,citationCiteseer.graph,no,3,8,0.03,1,0.029169999999999918,186.125,km1,101660,101660,no
KaFFPa-StrongS*,citationCiteseer.graph,no,4,8,0.03,1,0.029940000000000078,283.305,km1,100751,100751,no
KaFFPa-StrongS*,citationCiteseer.graph,no,5,8,0.03,1,0.029940000000000078,183.329,km1,104477,104477,no
KaFFPa-StrongS*,citationCiteseer.graph,no,6,8,0.03,1,0.029940000000000078,261.449,km1,102345,102345,no
KaFFPa-StrongS*,citationCiteseer.graph,no,7,8,0.03,1,0.028510000000000035,179.681,km1,104009,104009,no
KaFFPa-StrongS*,citationCiteseer.graph,no,8,8,0.03,1,0.029910000000000103,238.404,km1,101201,101201,no
KaFFPa-StrongS*,citationCiteseer.graph,no,9,8,0.03,1,0.02980000000000005,176.909,km1,100036,100036,no
KaFFPa-StrongS*,cnr-2000.graph,no,10,128,0.03,1,0.02947999999999995,1998.44,km1,913116,913116,no
KaFFPa-StrongS*,cnr-2000.graph,no,1,128,0.03,1,0.029870000000000063,735.281,km1,920838,920838,no
KaFFPa-StrongS*,cnr-2000.graph,no,2,128,0.03,1,0.029870000000000063,1349.77,km1,917776,917776,no
KaFFPa-StrongS*,cnr-2000.graph,no,3,128,0.03,1,0.029870000000000063,1412.03,km1,911220,911220,no
KaFFPa-StrongS*,cnr-2000.graph,no,4,128,0.03,1,0.029870000000000063,990.293,km1,916953,916953,no
KaFFPa-StrongS*,cnr-2000.graph,no,5,128,0.03,1,0.03813,938.902,km1,911693,911693,no
KaFFPa-StrongS*,cnr-2000.graph,no,6,128,0.03,1,0.029870000000000063,1135.69,km1,915916,915916,no
KaFFPa-StrongS*,cnr-2000.graph,no,7,128,0.03,1,0.029870000000000063,935.222,km1,915939,915939,no
KaFFPa-StrongS*,cnr-2000.graph,no,8,128,0.03,1,0.029870000000000063,1023.73,km1,915746,915746,no
KaFFPa-StrongS*,cnr-2000.graph,no,9,128,0.03,1,0.02947999999999995,1633.08,km1,913534,913534,no
KaFFPa-StrongS*,cnr-2000.graph,no,10,16,0.03,1,0.029930000000000012,230.368,km1,5650,5650,no
KaFFPa-StrongS*,cnr-2000.graph,no,1,16,0.03,1,0.029879999999999907,213.321,km1,4986,4986,no
KaFFPa-StrongS*,cnr-2000.graph,no,2,16,0.03,1,0.029930000000000012,168.758,km1,6274,6274,no
KaFFPa-StrongS*,cnr-2000.graph,no,3,16,0.03,1,0.029930000000000012,194.906,km1,5976,5976,no
KaFFPa-StrongS*,cnr-2000.graph,no,4,16,0.03,1,0.029930000000000012,207.684,km1,5430,5430,no
KaFFPa-StrongS*,cnr-2000.graph,no,5,16,0.03,1,0.029930000000000012,159.543,km1,5460,5460,no
KaFFPa-StrongS*,cnr-2000.graph,no,6,16,0.03,1,0.029930000000000012,203.151,km1,5487,5487,no
KaFFPa-StrongS*,cnr-2000.graph,no,7,16,0.03,1,0.029930000000000012,200.665,km1,5226,5226,no
KaFFPa-StrongS*,cnr-2000.graph,no,8,16,0.03,1,0.029930000000000012,212.213,km1,5012,5012,no
KaFFPa-StrongS*,cnr-2000.graph,no,9,16,0.03,1,0.029979999999999896,229.696,km1,17592,17592,no
KaFFPa-StrongS*,cnr-2000.graph,no,10,2,0.03,1,0.02937999999999996,45.9648,km1,213,213,no
KaFFPa-StrongS*,cnr-2000.graph,no,1,2,0.03,1,0.029609999999999914,52.6552,km1,213,213,no
KaFFPa-StrongS*,cnr-2000.graph,no,2,2,0.03,1,0.012429999999999941,45.8981,km1,203,203,no
KaFFPa-StrongS*,cnr-2000.graph,no,3,2,0.03,1,0.02801000000000009,36.6404,km1,208,208,no
KaFFPa-StrongS*,cnr-2000.graph,no,4,2,0.03,1,0.02998999999999996,42.0963,km1,208,208,no
KaFFPa-StrongS*,cnr-2000.graph,no,5,2,0.03,1,0.0297400000000001,45.6298,km1,213,213,no
KaFFPa-StrongS*,cnr-2000.graph,no,6,2,0.03,1,0.029670000000000085,52.7855,km1,213,213,no
KaFFPa-StrongS*,cnr-2000.graph,no,7,2,0.03,1,0.02970000000000006,44.6476,km1,213,213,no
KaFFPa-StrongS*,cnr-2000.graph,no,8,2,0.03,1,0.029940000000000078,44.3606,km1,207,207,no
KaFFPa-StrongS*,cnr-2000.graph,no,9,2,0.03,1,0.02964000000000011,45.5657,km1,213,213,no
KaFFPa-StrongS*,cnr-2000.graph,no,10,32,0.03,1,0.029879999999999907,2623.83,km1,346481,346481,no
KaFFPa-StrongS*,cnr-2000.graph,no,1,32,0.03,1,0.029879999999999907,2689.96,km1,345019,345019,no
KaFFPa-StrongS*,cnr-2000.graph,no,2,32,0.03,1,0.029879999999999907,3608.0,km1,345364,345364,no
KaFFPa-StrongS*,cnr-2000.graph,no,3,32,0.03,1,0.029879999999999907,4333.64,km1,342302,342302,no
KaFFPa-StrongS*,cnr-2000.graph,no,4,32,0.03,1,0.029879999999999907,2234.89,km1,344778,344778,no
KaFFPa-StrongS*,cnr-2000.graph,no,5,32,0.03,1,0.029879999999999907,1297.09,km1,345497,345497,no
KaFFPa-StrongS*,cnr-2000.graph,no,6,32,0.03,1,0.029979999999999896,1815.01,km1,344969,344969,no
KaFFPa-StrongS*,cnr-2000.graph,no,7,32,0.03,1,0.029879999999999907,1851.74,km1,342327,342327,no
KaFFPa-StrongS*,cnr-2000.graph,no,8,32,0.03,1,0.029879999999999907,9145.18,km1,345834,345834,no
KaFFPa-StrongS*,cnr-2000.graph,no,9,32,0.03,1,0.029879999999999907,5512.31,km1,350268,350268,no
KaFFPa-StrongS*,cnr-2000.graph,no,10,4,0.03,1,0.029930000000000012,55.2385,km1,1615,1615,no
KaFFPa-StrongS*,cnr-2000.graph,no,1,4,0.03,1,0.029979999999999896,70.6141,km1,1913,1913,no
KaFFPa-StrongS*,cnr-2000.graph,no,2,4,0.03,1,0.029979999999999896,51.1587,km1,1760,1760,no
KaFFPa-StrongS*,cnr-2000.graph,no,3,4,0.03,1,0.029979999999999896,64.5748,km1,1857,1857,no
KaFFPa-StrongS*,cnr-2000.graph,no,4,4,0.03,1,0.029979999999999896,59.0951,km1,1423,1423,no
KaFFPa-StrongS*,cnr-2000.graph,no,5,4,0.03,1,0.029979999999999896,46.8063,km1,1825,1825,no
KaFFPa-StrongS*,cnr-2000.graph,no,6,4,0.03,1,0.029979999999999896,67.9891,km1,1421,1421,no
KaFFPa-StrongS*,cnr-2000.graph,no,7,4,0.03,1,0.029979999999999896,61.0425,km1,1680,1680,no
KaFFPa-StrongS*,cnr-2000.graph,no,8,4,0.03,1,0.029970000000000052,50.318,km1,1639,1639,no
KaFFPa-StrongS*,cnr-2000.graph,no,9,4,0.03,1,0.029789999999999983,73.6746,km1,1810,1810,no
KaFFPa-StrongS*,cnr-2000.graph,no,10,64,0.03,1,0.029879999999999907,811.311,km1,680716,680716,no
KaFFPa-StrongS*,cnr-2000.graph,no,1,64,0.03,1,0.02967999999999993,2099.97,km1,686278,686278,no
KaFFPa-StrongS*,cnr-2000.graph,no,2,64,0.03,1,0.029879999999999907,1003.47,km1,679981,679981,no
KaFFPa-StrongS*,cnr-2000.graph,no,3,64,0.03,1,0.02967999999999993,839.011,km1,681002,681002,no
KaFFPa-StrongS*,cnr-2000.graph,no,4,64,0.03,1,0.02967999999999993,1784.49,km1,681539,681539,no
KaFFPa-StrongS*,cnr-2000.graph,no,5,64,0.03,1,0.02967999999999993,1053.39,km1,680984,680984,no
KaFFPa-StrongS*,cnr-2000.graph,no,6,64,0.03,1,0.02967999999999993,1300.18,km1,682239,682239,no
KaFFPa-StrongS*,cnr-2000.graph,no,7,64,0.03,1,0.029879999999999907,749.603,km1,683713,683713,no
KaFFPa-StrongS*,cnr-2000.graph,no,8,64,0.03,1,0.029879999999999907,946.958,km1,680913,680913,no
KaFFPa-StrongS*,cnr-2000.graph,no,9,64,0.03,1,0.029879999999999907,7013.06,km1,681556,681556,no
KaFFPa-StrongS*,cnr-2000.graph,no,10,8,0.03,1,0.029910000000000103,59.6745,km1,3240,3240,no
KaFFPa-StrongS*,cnr-2000.graph,no,1,8,0.03,1,0.02994999999999992,76.6664,km1,3296,3296,no
KaFFPa-StrongS*,cnr-2000.graph,no,2,8,0.03,1,0.029930000000000012,91.2534,km1,3480,3480,no
KaFFPa-StrongS*,cnr-2000.graph,no,3,8,0.03,1,0.029859999999999998,83.1064,km1,3671,3671,no
KaFFPa-StrongS*,cnr-2000.graph,no,4,8,0.03,1,0.029930000000000012,103.073,km1,3477,3477,no
KaFFPa-StrongS*,cnr-2000.graph,no,5,8,0.03,1,0.029930000000000012,160.665,km1,3573,3573,no
KaFFPa-StrongS*,cnr-2000.graph,no,6,8,0.03,1,0.029910000000000103,82.7388,km1,3439,3439,no
KaFFPa-StrongS*,cnr-2000.graph,no,7,8,0.03,1,0.029709999999999903,90.3438,km1,3261,3261,no
KaFFPa-StrongS*,cnr-2000.graph,no,8,8,0.03,1,0.02946000000000004,73.1906,km1,3463,3463,no
KaFFPa-StrongS*,cnr-2000.graph,no,9,8,0.03,1,0.029879999999999907,75.9511,km1,3200,3200,no
KaFFPa-StrongS*,coAuthorsCiteseer.graph,no,10,128,0.03,1,0.029279999999999973,3869.42,km1,75196,75196,no
KaFFPa-StrongS*,coAuthorsCiteseer.graph,no,1,128,0.03,1,0.029279999999999973,2155.11,km1,75456,75456,no
KaFFPa-StrongS*,coAuthorsCiteseer.graph,no,2,128,0.03,1,0.029279999999999973,2919.09,km1,75176,75176,no
KaFFPa-StrongS*,coAuthorsCiteseer.graph,no,3,128,0.03,1,0.029279999999999973,3158.62,km1,75158,75158,no
KaFFPa-StrongS*,coAuthorsCiteseer.graph,no,4,128,0.03,1,0.029279999999999973,3717.79,km1,74844,74844,no
KaFFPa-StrongS*,coAuthorsCiteseer.graph,no,5,128,0.03,1,0.029279999999999973,2087.17,km1,75163,75163,no
KaFFPa-StrongS*,coAuthorsCiteseer.graph,no,6,128,0.03,1,0.029279999999999973,3841.16,km1,74980,74980,no
KaFFPa-StrongS*,coAuthorsCiteseer.graph,no,7,128,0.03,1,0.029279999999999973,2892.08,km1,75511,75511,no
KaFFPa-StrongS*,coAuthorsCiteseer.graph,no,8,128,0.03,1,0.029279999999999973,4554.66,km1,75242,75242,no
KaFFPa-StrongS*,coAuthorsCiteseer.graph,no,9,128,0.03,1,0.029279999999999973,2800.18,km1,75467,75467,no
KaFFPa-StrongS*,coAuthorsCiteseer.graph,no,10,16,0.03,1,0.029910000000000103,157.111,km1,53611,53611,no
KaFFPa-StrongS*,coAuthorsCiteseer.graph,no,1,16,0.03,1,0.029910000000000103,264.315,km1,53190,53190,no
KaFFPa-StrongS*,coAuthorsCiteseer.graph,no,2,16,0.03,1,0.029910000000000103,167.453,km1,53340,53340,no
KaFFPa-StrongS*,coAuthorsCiteseer.graph,no,3,16,0.03,1,0.029910000000000103,215.526,km1,53264,53264,no
KaFFPa-StrongS*,coAuthorsCiteseer.graph,no,4,16,0.03,1,0.029910000000000103,177.148,km1,53511,53511,no
KaFFPa-StrongS*,coAuthorsCiteseer.graph,no,5,16,0.03,1,0.029910000000000103,179.045,km1,53111,53111,no
KaFFPa-StrongS*,coAuthorsCiteseer.graph,no,6,16,0.03,1,0.029910000000000103,271.891,km1,53172,53172,no
KaFFPa-StrongS*,coAuthorsCiteseer.graph,no,7,16,0.03,1,0.029910000000000103,210.053,km1,53214,53214,no
KaFFPa-StrongS*,coAuthorsCiteseer.graph,no,8,16,0.03,1,0.029910000000000103,251.796,km1,52977,52977,no
KaFFPa-StrongS*,coAuthorsCiteseer.graph,no,9,16,0.03,1,0.029910000000000103,202.84,km1,53576,53576,no
KaFFPa-StrongS*,coAuthorsCiteseer.graph,no,10,2,0.03,1,0.029979999999999896,49.5914,km1,18662,18662,no
KaFFPa-StrongS*,coAuthorsCiteseer.graph,no,1,2,0.03,1,0.029979999999999896,39.6052,km1,19543,19543,no
KaFFPa-StrongS*,coAuthorsCiteseer.graph,no,2,2,0.03,1,0.029979999999999896,36.4431,km1,18901,18901,no
KaFFPa-StrongS*,coAuthorsCiteseer.graph,no,3,2,0.03,1,0.029979999999999896,43.301,km1,18605,18605,no
KaFFPa-StrongS*,coAuthorsCiteseer.graph,no,4,2,0.03,1,0.02994999999999992,45.829,km1,18913,18913,no
KaFFPa-StrongS*,coAuthorsCiteseer.graph,no,5,2,0.03,1,0.02808999999999995,37.9761,km1,19314,19314,no
KaFFPa-StrongS*,coAuthorsCiteseer.graph,no,6,2,0.03,1,0.029309999999999947,33.3776,km1,18834,18834,no
KaFFPa-StrongS*,coAuthorsCiteseer.graph,no,7,2,0.03,1,0.02961999999999998,45.0101,km1,19016,19016,no
KaFFPa-StrongS*,coAuthorsCiteseer.graph,no,8,2,0.03,1,0.029309999999999947,41.8012,km1,18466,18466,no
KaFFPa-StrongS*,coAuthorsCiteseer.graph,no,9,2,0.03,1,0.029959999999999987,37.5885,km1,18033,18033,no
KaFFPa-StrongS*,coAuthorsCiteseer.graph,no,10,32,0.03,1,0.02984000000000009,444.927,km1,60938,60938,no
KaFFPa-StrongS*,coAuthorsCiteseer.graph,no,1,32,0.03,1,0.02984000000000009,353.037,km1,61164,61164,no
KaFFPa-StrongS*,coAuthorsCiteseer.graph,no,2,32,0.03,1,0.02984000000000009,456.517,km1,60942,60942,no
KaFFPa-StrongS*,coAuthorsCiteseer.graph,no,3,32,0.03,1,0.02984000000000009,597.435,km1,60848,60848,no
KaFFPa-StrongS*,coAuthorsCiteseer.graph,no,4,32,0.03,1,0.02984000000000009,589.07,km1,61438,61438,no
KaFFPa-StrongS*,coAuthorsCiteseer.graph,no,5,32,0.03,1,0.02984000000000009,510.723,km1,61198,61198,no
KaFFPa-StrongS*,coAuthorsCiteseer.graph,no,6,32,0.03,1,0.02984000000000009,651.149,km1,61281,61281,no
KaFFPa-StrongS*,coAuthorsCiteseer.graph,no,7,32,0.03,1,0.02984000000000009,417.23,km1,61471,61471,no
KaFFPa-StrongS*,coAuthorsCiteseer.graph,no,8,32,0.03,1,0.02984000000000009,663.234,km1,61119,61119,no
KaFFPa-StrongS*,coAuthorsCiteseer.graph,no,9,32,0.03,1,0.02984000000000009,425.029,km1,61340,61340,no
KaFFPa-StrongS*,coAuthorsCiteseer.graph,no,10,4,0.03,1,0.029970000000000052,37.8759,km1,32335,32335,no
KaFFPa-StrongS*,coAuthorsCiteseer.graph,no,1,4,0.03,1,0.029930000000000012,47.5116,km1,32851,32851,no
KaFFPa-StrongS*,coAuthorsCiteseer.graph,no,2,4,0.03,1,0.029470000000000107,51.4601,km1,32105,32105,no
KaFFPa-StrongS*,coAuthorsCiteseer.graph,no,3,4,0.03,1,0.029900000000000038,52.6228,km1,31893,31893,no
KaFFPa-StrongS*,coAuthorsCiteseer.graph,no,4,4,0.03,1,0.02839999999999998,57.334,km1,33345,33345,no
KaFFPa-StrongS*,coAuthorsCiteseer.graph,no,5,4,0.03,1,0.029970000000000052,46.8743,km1,32534,32534,no
KaFFPa-StrongS*,coAuthorsCiteseer.graph,no,6,4,0.03,1,0.023230000000000084,49.2861,km1,33196,33196,no
KaFFPa-StrongS*,coAuthorsCiteseer.graph,no,7,4,0.03,1,0.028280000000000083,59.1975,km1,33215,33215,no
KaFFPa-StrongS*,coAuthorsCiteseer.graph,no,8,4,0.03,1,0.029809999999999892,56.5051,km1,32009,32009,no
KaFFPa-StrongS*,coAuthorsCiteseer.graph,no,9,4,0.03,1,0.029970000000000052,37.7754,km1,31993,31993,no
KaFFPa-StrongS*,coAuthorsCiteseer.graph,no,10,64,0.03,1,0.02956000000000003,1224.66,km1,68580,68580,no
KaFFPa-StrongS*,coAuthorsCiteseer.graph,no,1,64,0.03,1,0.02956000000000003,1228.88,km1,68169,68169,no
KaFFPa-StrongS*,coAuthorsCiteseer.graph,no,2,64,0.03,1,0.02956000000000003,867.911,km1,68564,68564,no
KaFFPa-StrongS*,coAuthorsCiteseer.graph,no,3,64,0.03,1,0.02956000000000003,1105.52,km1,68885,68885,no
KaFFPa-StrongS*,coAuthorsCiteseer.graph,no,4,64,0.03,1,0.02956000000000003,928.245,km1,68889,68889,no
KaFFPa-StrongS*,coAuthorsCiteseer.graph,no,5,64,0.03,1,0.02956000000000003,1160.75,km1,68633,68633,no
KaFFPa-StrongS*,coAuthorsCiteseer.graph,no,6,64,0.03,1,0.02956000000000003,1232.4,km1,68502,68502,no
KaFFPa-StrongS*,coAuthorsCiteseer.graph,no,7,64,0.03,1,0.02956000000000003,1198.4,km1,68277,68277,no
KaFFPa-StrongS*,coAuthorsCiteseer.graph,no,8,64,0.03,1,0.02956000000000003,1064.67,km1,68521,68521,no
KaFFPa-StrongS*,coAuthorsCiteseer.graph,no,9,64,0.03,1,0.02956000000000003,872.235,km1,68852,68852,no
KaFFPa-StrongS*,coAuthorsCiteseer.graph,no,10,8,0.03,1,0.02994999999999992,81.903,km1,44257,44257,no
KaFFPa-StrongS*,coAuthorsCiteseer.graph,no,1,8,0.03,1,0.02994999999999992,79.5455,km1,44580,44580,no
KaFFPa-StrongS*,coAuthorsCiteseer.graph,no,2,8,0.03,1,0.02994999999999992,73.6726,km1,44187,44187,no
KaFFPa-StrongS*,coAuthorsCiteseer.graph,no,3,8,0.03,1,0.02994999999999992,96.8799,km1,44225,44225,no
KaFFPa-StrongS*,coAuthorsCiteseer.graph,no,4,8,0.03,1,0.02994999999999992,65.8153,km1,44876,44876,no
KaFFPa-StrongS*,coAuthorsCiteseer.graph,no,5,8,0.03,1,0.02994999999999992,96.692,km1,44536,44536,no
KaFFPa-StrongS*,coAuthorsCiteseer.graph,no,6,8,0.03,1,0.02994999999999992,130.928,km1,44335,44335,no
KaFFPa-StrongS*,coAuthorsCiteseer.graph,no,7,8,0.03,1,0.02994999999999992,111.39,km1,44869,44869,no
KaFFPa-StrongS*,coAuthorsCiteseer.graph,no,8,8,0.03,1,0.02994999999999992,91.8019,km1,45015,45015,no
KaFFPa-StrongS*,coAuthorsCiteseer.graph,no,9,8,0.03,1,0.029910000000000103,115.488,km1,44546,44546,no
KaFFPa-StrongS*,coAuthorsDBLP.graph,no,10,128,0.03,1,0.029530000000000056,12026.1,km1,163115,163115,no
KaFFPa-StrongS*,coAuthorsDBLP.graph,no,1,128,0.03,1,0.029530000000000056,8009.31,km1,162937,162937,no
KaFFPa-StrongS*,coAuthorsDBLP.graph,no,2,128,0.03,1,0.029530000000000056,10926.0,km1,163580,163580,no
KaFFPa-StrongS*,coAuthorsDBLP.graph,no,3,128,0.03,1,0.029530000000000056,8993.08,km1,163527,163527,no
KaFFPa-StrongS*,coAuthorsDBLP.graph,no,4,128,0.03,1,0.029530000000000056,12117.6,km1,163015,163015,no
KaFFPa-StrongS*,coAuthorsDBLP.graph,no,5,128,0.03,1,0.029530000000000056,7695.86,km1,163003,163003,no
KaFFPa-StrongS*,coAuthorsDBLP.graph,no,6,128,0.03,1,0.029530000000000056,11029.4,km1,163300,163300,no
KaFFPa-StrongS*,coAuthorsDBLP.graph,no,7,128,0.03,1,0.029530000000000056,8289.77,km1,163075,163075,no
KaFFPa-StrongS*,coAuthorsDBLP.graph,no,8,128,0.03,1,0.029530000000000056,10970.9,km1,163096,163096,no
KaFFPa-StrongS*,coAuthorsDBLP.graph,no,9,128,0.03,1,0.029530000000000056,8631.96,km1,162548,162548,no
KaFFPa-StrongS*,coAuthorsDBLP.graph,no,10,16,0.03,1,0.029910000000000103,753.787,km1,116158,116158,no
KaFFPa-StrongS*,coAuthorsDBLP.graph,no,1,16,0.03,1,0.029910000000000103,754.699,km1,114977,114977,no
KaFFPa-StrongS*,coAuthorsDBLP.graph,no,2,16,0.03,1,0.029910000000000103,578.66,km1,116177,116177,no
KaFFPa-StrongS*,coAuthorsDBLP.graph,no,3,16,0.03,1,0.029910000000000103,784.415,km1,114468,114468,no
KaFFPa-StrongS*,coAuthorsDBLP.graph,no,4,16,0.03,1,0.029910000000000103,704.481,km1,114722,114722,no
KaFFPa-StrongS*,coAuthorsDBLP.graph,no,5,16,0.03,1,0.029910000000000103,356.4,km1,116573,116573,no
KaFFPa-StrongS*,coAuthorsDBLP.graph,no,6,16,0.03,1,0.029910000000000103,486.631,km1,116065,116065,no
KaFFPa-StrongS*,coAuthorsDBLP.graph,no,7,16,0.03,1,0.029910000000000103,489.313,km1,114309,114309,no
KaFFPa-StrongS*,coAuthorsDBLP.graph,no,8,16,0.03,1,0.029910000000000103,559.359,km1,115187,115187,no
KaFFPa-StrongS*,coAuthorsDBLP.graph,no,9,16,0.03,1,0.029910000000000103,841.666,km1,114734,114734,no
KaFFPa-StrongS*,coAuthorsDBLP.graph,no,10,2,0.03,1,0.02998999999999996,79.6158,km1,44276,44276,no
KaFFPa-StrongS*,coAuthorsDBLP.graph,no,1,2,0.03,1,0.029709999999999903,92.5205,km1,44681,44681,no
KaFFPa-StrongS*,coAuthorsDBLP.graph,no,2,2,0.03,1,0.029970000000000052,85.0199,km1,44304,44304,no
KaFFPa-StrongS*,coAuthorsDBLP.graph,no,3,2,0.03,1,0.029970000000000052,88.9971,km1,44808,44808,no
KaFFPa-StrongS*,coAuthorsDBLP.graph,no,4,2,0.03,1,0.02998999999999996,89.4437,km1,44896,44896,no
KaFFPa-StrongS*,coAuthorsDBLP.graph,no,5,2,0.03,1,0.02998999999999996,102.647,km1,45778,45778,no
KaFFPa-StrongS*,coAuthorsDBLP.graph,no,6,2,0.03,1,0.02998999999999996,90.5978,km1,44847,44847,no
KaFFPa-StrongS*,coAuthorsDBLP.graph,no,7,2,0.03,1,0.027670000000000083,94.2215,km1,44981,44981,no
KaFFPa-StrongS*,coAuthorsDBLP.graph,no,8,2,0.03,1,0.029959999999999987,82.8576,km1,44599,44599,no
KaFFPa-StrongS*,coAuthorsDBLP.graph,no,9,2,0.03,1,0.02998999999999996,87.539,km1,45000,45000,no
KaFFPa-StrongS*,coAuthorsDBLP.graph,no,10,32,0.03,1,0.029849999999999932,1318.31,km1,135109,135109,no
KaFFPa-StrongS*,coAuthorsDBLP.graph,no,1,32,0.03,1,0.029849999999999932,1350.78,km1,134670,134670,no
KaFFPa-StrongS*,coAuthorsDBLP.graph,no,2,32,0.03,1,0.029849999999999932,1319.67,km1,134416,134416,no
KaFFPa-StrongS*,coAuthorsDBLP.graph,no,3,32,0.03,1,0.029849999999999932,1545.23,km1,134250,134250,no
KaFFPa-StrongS*,coAuthorsDBLP.graph,no,4,32,0.03,1,0.029849999999999932,965.194,km1,135160,135160,no
KaFFPa-StrongS*,coAuthorsDBLP.graph,no,5,32,0.03,1,0.029849999999999932,1053.13,km1,135358,135358,no
KaFFPa-StrongS*,coAuthorsDBLP.graph,no,6,32,0.03,1,0.029849999999999932,1132.24,km1,135392,135392,no
KaFFPa-StrongS*,coAuthorsDBLP.graph,no,7,32,0.03,1,0.029849999999999932,1049.21,km1,135809,135809,no
KaFFPa-StrongS*,coAuthorsDBLP.graph,no,8,32,0.03,1,0.029849999999999932,1389.22,km1,135112,135112,no
KaFFPa-StrongS*,coAuthorsDBLP.graph,no,9,32,0.03,1,0.029849999999999932,1372.28,km1,134745,134745,no
KaFFPa-StrongS*,coAuthorsDBLP.graph,no,10,4,0.03,1,0.029930000000000012,151.145,km1,77882,77882,no
KaFFPa-StrongS*,coAuthorsDBLP.graph,no,1,4,0.03,1,0.02998999999999996,153.917,km1,74429,74429,no
KaFFPa-StrongS*,coAuthorsDBLP.graph,no,2,4,0.03,1,0.02964000000000011,185.539,km1,76288,76288,no
KaFFPa-StrongS*,coAuthorsDBLP.graph,no,3,4,0.03,1,0.02998999999999996,144.598,km1,76457,76457,no
KaFFPa-StrongS*,coAuthorsDBLP.graph,no,4,4,0.03,1,0.02998999999999996,155.123,km1,76092,76092,no
KaFFPa-StrongS*,coAuthorsDBLP.graph,no,5,4,0.03,1,0.02998999999999996,181.913,km1,74772,74772,no
KaFFPa-StrongS*,coAuthorsDBLP.graph,no,6,4,0.03,1,0.02976000000000001,164.081,km1,76400,76400,no
KaFFPa-StrongS*,coAuthorsDBLP.graph,no,7,4,0.03,1,0.027819999999999956,148.178,km1,77090,77090,no
KaFFPa-StrongS*,coAuthorsDBLP.graph,no,8,4,0.03,1,0.02998999999999996,186.19,km1,76275,76275,no
KaFFPa-StrongS*,coAuthorsDBLP.graph,no,9,4,0.03,1,0.026659999999999906,173.92,km1,76803,76803,no
KaFFPa-StrongS*,coAuthorsDBLP.graph,no,10,64,0.03,1,0.029749999999999943,3064.19,km1,150137,150137,no
KaFFPa-StrongS*,coAuthorsDBLP.graph,no,1,64,0.03,1,0.029749999999999943,4204.49,km1,150053,150053,no
KaFFPa-StrongS*,coAuthorsDBLP.graph,no,2,64,0.03,1,0.029749999999999943,2555.37,km1,150581,150581,no
KaFFPa-StrongS*,coAuthorsDBLP.graph,no,3,64,0.03,1,0.029749999999999943,3191.43,km1,150161,150161,no
KaFFPa-StrongS*,coAuthorsDBLP.graph,no,4,64,0.03,1,0.029749999999999943,3613.95,km1,149955,149955,no
KaFFPa-StrongS*,coAuthorsDBLP.graph,no,5,64,0.03,1,0.029749999999999943,3215.42,km1,150256,150256,no
KaFFPa-StrongS*,coAuthorsDBLP.graph,no,6,64,0.03,1,0.029749999999999943,2535.95,km1,150334,150334,no
KaFFPa-StrongS*,coAuthorsDBLP.graph,no,7,64,0.03,1,0.029749999999999943,2903.21,km1,150631,150631,no
KaFFPa-StrongS*,coAuthorsDBLP.graph,no,8,64,0.03,1,0.029749999999999943,3804.37,km1,150734,150734,no
KaFFPa-StrongS*,coAuthorsDBLP.graph,no,9,64,0.03,1,0.029749999999999943,3221.35,km1,149840,149840,no
KaFFPa-StrongS*,coAuthorsDBLP.graph,no,10,8,0.03,1,0.029959999999999987,255.001,km1,98277,98277,no
KaFFPa-StrongS*,coAuthorsDBLP.graph,no,1,8,0.03,1,0.029959999999999987,229.208,km1,98784,98784,no
KaFFPa-StrongS*,coAuthorsDBLP.graph,no,2,8,0.03,1,0.029959999999999987,273.49,km1,100347,100347,no
KaFFPa-StrongS*,coAuthorsDBLP.graph,no,3,8,0.03,1,0.029959999999999987,217.49,km1,98357,98357,no
KaFFPa-StrongS*,coAuthorsDBLP.graph,no,4,8,0.03,1,0.029959999999999987,283.407,km1,98211,98211,no
KaFFPa-StrongS*,coAuthorsDBLP.graph,no,5,8,0.03,1,0.029959999999999987,245.577,km1,98990,98990,no
KaFFPa-StrongS*,coAuthorsDBLP.graph,no,6,8,0.03,1,0.029959999999999987,228.378,km1,98324,98324,no
KaFFPa-StrongS*,coAuthorsDBLP.graph,no,7,8,0.03,1,0.029959999999999987,184.497,km1,96731,96731,no
KaFFPa-StrongS*,coAuthorsDBLP.graph,no,8,8,0.03,1,0.029959999999999987,232.495,km1,97530,97530,no
KaFFPa-StrongS*,coAuthorsDBLP.graph,no,9,8,0.03,1,0.029959999999999987,236.602,km1,99253,99253,no
KaFFPa-StrongS*,coPapersCiteseer.graph,no,10,128,0.03,1,0.02947999999999995,15291.3,km1,1186668,1186668,no
KaFFPa-StrongS*,coPapersCiteseer.graph,no,1,128,0.03,1,0.02947999999999995,10129.6,km1,1187130,1187130,no
KaFFPa-StrongS*,coPapersCiteseer.graph,no,2,128,0.03,1,0.02947999999999995,9756.3,km1,1191813,1191813,no
KaFFPa-StrongS*,coPapersCiteseer.graph,no,3,128,0.03,1,0.02947999999999995,10359.6,km1,1186073,1186073,no
KaFFPa-StrongS*,coPapersCiteseer.graph,no,4,128,0.03,1,0.02947999999999995,8437.9,km1,1177774,1177774,no
KaFFPa-StrongS*,coPapersCiteseer.graph,no,5,128,0.03,1,0.02947999999999995,17875.7,km1,1184785,1184785,no
KaFFPa-StrongS*,coPapersCiteseer.graph,no,6,128,0.03,1,0.02947999999999995,12668.1,km1,1187532,1187532,no
KaFFPa-StrongS*,coPapersCiteseer.graph,no,7,128,0.03,1,0.02947999999999995,13372.4,km1,1183737,1183737,no
KaFFPa-StrongS*,coPapersCiteseer.graph,no,8,128,0.03,1,0.02947999999999995,12299.5,km1,1194448,1194448,no
KaFFPa-StrongS*,coPapersCiteseer.graph,no,9,128,0.03,1,0.02947999999999995,23114.4,km1,1182274,1182274,no
KaFFPa-StrongS*,coPapersCiteseer.graph,no,10,16,0.03,1,0.029930000000000012,4906.78,km1,788504,788504,no
KaFFPa-StrongS*,coPapersCiteseer.graph,no,1,16,0.03,1,0.029930000000000012,2979.87,km1,783628,783628,no
KaFFPa-StrongS*,coPapersCiteseer.graph,no,2,16,0.03,1,0.029930000000000012,3423.71,km1,791810,791810,no
KaFFPa-StrongS*,coPapersCiteseer.graph,no,3,16,0.03,1,0.029930000000000012,3294.16,km1,790941,790941,no
KaFFPa-StrongS*,coPapersCiteseer.graph,no,4,16,0.03,1,0.029930000000000012,4012.16,km1,786404,786404,no
KaFFPa-StrongS*,coPapersCiteseer.graph,no,5,16,0.03,1,0.029930000000000012,2493.52,km1,779582,779582,no
KaFFPa-StrongS*,coPapersCiteseer.graph,no,6,16,0.03,1,0.029930000000000012,4391.03,km1,778048,778048,no
KaFFPa-StrongS*,coPapersCiteseer.graph,no,7,16,0.03,1,0.029930000000000012,2123.75,km1,784724,784724,no
KaFFPa-StrongS*,coPapersCiteseer.graph,no,8,16,0.03,1,0.029930000000000012,4052.26,km1,783707,783707,no
KaFFPa-StrongS*,coPapersCiteseer.graph,no,9,16,0.03,1,0.029930000000000012,2829.2,km1,776648,776648,no
KaFFPa-StrongS*,coPapersCiteseer.graph,no,10,2,0.03,1,0.029879999999999907,115.024,km1,273386,273386,no
KaFFPa-StrongS*,coPapersCiteseer.graph,no,1,2,0.03,1,0.029970000000000052,91.9495,km1,267893,267893,no
KaFFPa-StrongS*,coPapersCiteseer.graph,no,2,2,0.03,1,0.02998999999999996,111.024,km1,271119,271119,no
KaFFPa-StrongS*,coPapersCiteseer.graph,no,3,2,0.03,1,0.02984000000000009,97.2922,km1,272518,272518,no
KaFFPa-StrongS*,coPapersCiteseer.graph,no,4,2,0.03,1,0.029879999999999907,115.068,km1,273094,273094,no
KaFFPa-StrongS*,coPapersCiteseer.graph,no,5,2,0.03,1,0.029889999999999972,90.675,km1,268834,268834,no
KaFFPa-StrongS*,coPapersCiteseer.graph,no,6,2,0.03,1,0.029940000000000078,121.676,km1,264714,264714,no
KaFFPa-StrongS*,coPapersCiteseer.graph,no,7,2,0.03,1,0.02994999999999992,95.4626,km1,258649,258649,no
KaFFPa-StrongS*,coPapersCiteseer.graph,no,8,2,0.03,1,0.029970000000000052,116.252,km1,264141,264141,no
KaFFPa-StrongS*,coPapersCiteseer.graph,no,9,2,0.03,1,0.029390000000000027,90.8171,km1,268508,268508,no
KaFFPa-StrongS*,coPapersCiteseer.graph,no,10,32,0.03,1,0.029849999999999932,3958.76,km1,914251,914251,no
KaFFPa-StrongS*,coPapersCiteseer.graph,no,1,32,0.03,1,0.029849999999999932,1889.18,km1,913123,913123,no
KaFFPa-StrongS*,coPapersCiteseer.graph,no,2,32,0.03,1,0.029849999999999932,4377.17,km1,911484,911484,no
KaFFPa-StrongS*,coPapersCiteseer.graph,no,3,32,0.03,1,0.029849999999999932,4565.3,km1,914878,914878,no
KaFFPa-StrongS*,coPapersCiteseer.graph,no,4,32,0.03,1,0.029849999999999932,3953.26,km1,913662,913662,no
KaFFPa-StrongS*,coPapersCiteseer.graph,no,5,32,0.03,1,0.029849999999999932,2037.05,km1,924654,924654,no
KaFFPa-StrongS*,coPapersCiteseer.graph,no,6,32,0.03,1,0.029849999999999932,2734.85,km1,916020,916020,no
KaFFPa-StrongS*,coPapersCiteseer.graph,no,7,32,0.03,1,0.029849999999999932,1829.05,km1,917988,917988,no
KaFFPa-StrongS*,coPapersCiteseer.graph,no,8,32,0.03,1,0.029849999999999932,3281.19,km1,912984,912984,no
KaFFPa-StrongS*,coPapersCiteseer.graph,no,9,32,0.03,1,0.029849999999999932,3180.32,km1,919360,919360,no
KaFFPa-StrongS*,coPapersCiteseer.graph,no,10,4,0.03,1,0.029730000000000034,545.466,km1,485679,485679,no
KaFFPa-StrongS*,coPapersCiteseer.graph,no,1,4,0.03,1,0.02895000000000003,433.456,km1,489795,489795,no
KaFFPa-StrongS*,coPapersCiteseer.graph,no,2,4,0.03,1,0.029970000000000052,384.364,km1,478939,478939,no
KaFFPa-StrongS*,coPapersCiteseer.graph,no,3,4,0.03,1,0.029859999999999998,470.006,km1,486209,486209,no
KaFFPa-StrongS*,coPapersCiteseer.graph,no,4,4,0.03,1,0.029979999999999896,494.788,km1,487038,487038,no
KaFFPa-StrongS*,coPapersCiteseer.graph,no,5,4,0.03,1,0.02961999999999998,468.633,km1,488013,488013,no
KaFFPa-StrongS*,coPapersCiteseer.graph,no,6,4,0.03,1,0.029930000000000012,829.242,km1,477129,477129,no
KaFFPa-StrongS*,coPapersCiteseer.graph,no,7,4,0.03,1,0.029870000000000063,406.905,km1,484512,484512,no
KaFFPa-StrongS*,coPapersCiteseer.graph,no,8,4,0.03,1,0.029830000000000023,526.587,km1,492000,492000,no
KaFFPa-StrongS*,coPapersCiteseer.graph,no,9,4,0.03,1,0.029889999999999972,402.055,km1,506585,506585,no
KaFFPa-StrongS*,coPapersCiteseer.graph,no,10,64,0.03,1,0.029779999999999918,5810.64,km1,1040859,1040859,no
KaFFPa-StrongS*,coPapersCiteseer.graph,no,1,64,0.03,1,0.029779999999999918,6452.04,km1,1046589,1046589,no
KaFFPa-StrongS*,coPapersCiteseer.graph,no,2,64,0.03,1,0.029779999999999918,5744.15,km1,1040530,1040530,no
KaFFPa-StrongS*,coPapersCiteseer.graph,no,3,64,0.03,1,0.029779999999999918,7368.57,km1,1039132,1039132,no
KaFFPa-StrongS*,coPapersCiteseer.graph,no,4,64,0.03,1,0.029779999999999918,4205.64,km1,1042874,1042874,no
KaFFPa-StrongS*,coPapersCiteseer.graph,no,5,64,0.03,1,0.029779999999999918,4940.72,km1,1031474,1031474,no
KaFFPa-StrongS*,coPapersCiteseer.graph,no,6,64,0.03,1,0.029779999999999918,5804.19,km1,1045009,1045009,no
KaFFPa-StrongS*,coPapersCiteseer.graph,no,7,64,0.03,1,0.029779999999999918,5988.92,km1,1032086,1032086,no
KaFFPa-StrongS*,coPapersCiteseer.graph,no,8,64,0.03,1,0.029779999999999918,5563.51,km1,1031098,1031098,no
KaFFPa-StrongS*,coPapersCiteseer.graph,no,9,64,0.03,1,0.029779999999999918,3741.12,km1,1040637,1040637,no
KaFFPa-StrongS*,coPapersCiteseer.graph,no,10,8,0.03,1,0.029910000000000103,1578.61,km1,669198,669198,no
KaFFPa-StrongS*,coPapersCiteseer.graph,no,1,8,0.03,1,0.029849999999999932,1365.43,km1,662285,662285,no
KaFFPa-StrongS*,coPapersCiteseer.graph,no,2,8,0.03,1,0.029930000000000012,1001.65,km1,667593,667593,no
KaFFPa-StrongS*,coPapersCiteseer.graph,no,3,8,0.03,1,0.029870000000000063,1147.16,km1,660605,660605,no
KaFFPa-StrongS*,coPapersCiteseer.graph,no,4,8,0.03,1,0.02890999999999999,1579.48,km1,659746,659746,no
KaFFPa-StrongS*,coPapersCiteseer.graph,no,5,8,0.03,1,0.02923000000000009,859.801,km1,656101,656101,no
KaFFPa-StrongS*,coPapersCiteseer.graph,no,6,8,0.03,1,0.0297400000000001,2055.49,km1,663468,663468,no
KaFFPa-StrongS*,coPapersCiteseer.graph,no,7,8,0.03,1,0.029779999999999918,1168.91,km1,661072,661072,no
KaFFPa-StrongS*,coPapersCiteseer.graph,no,8,8,0.03,1,0.02994999999999992,1667.95,km1,653043,653043,no
KaFFPa-StrongS*,coPapersCiteseer.graph,no,9,8,0.03,1,0.02868000000000004,1380.79,km1,677286,677286,no
KaFFPa-StrongS*,PGPgiantcompo.graph,no,10,128,0.03,1,0.02381000000000011,7.57667,km1,4095,4095,no
KaFFPa-StrongS*,PGPgiantcompo.graph,no,1,128,0.03,1,0.02381000000000011,8.0225,km1,4021,4021,no
KaFFPa-StrongS*,PGPgiantcompo.graph,no,2,128,0.03,1,0.02381000000000011,6.86974,km1,4066,4066,no
KaFFPa-StrongS*,PGPgiantcompo.graph,no,3,128,0.03,1,0.02381000000000011,8.70283,km1,4029,4029,no
KaFFPa-StrongS*,PGPgiantcompo.graph,no,4,128,0.03,1,0.02381000000000011,8.43742,km1,4019,4019,no
KaFFPa-StrongS*,PGPgiantcompo.graph,no,5,128,0.03,1,0.02381000000000011,8.44456,km1,3933,3933,no
KaFFPa-StrongS*,PGPgiantcompo.graph,no,6,128,0.03,1,0.02381000000000011,8.7078,km1,3995,3995,no
KaFFPa-StrongS*,PGPgiantcompo.graph,no,7,128,0.03,1,0.02381000000000011,9.02052,km1,4060,4060,no
KaFFPa-StrongS*,PGPgiantcompo.graph,no,8,128,0.03,1,0.02381000000000011,8.49561,km1,4009,4009,no
KaFFPa-StrongS*,PGPgiantcompo.graph,no,9,128,0.03,1,0.02381000000000011,7.72215,km1,4044,4044,no
KaFFPa-StrongS*,PGPgiantcompo.graph,no,10,16,0.03,1,0.02844000000000002,2.25021,km1,1500,1500,no
KaFFPa-StrongS*,PGPgiantcompo.graph,no,1,16,0.03,1,0.02844000000000002,1.92,km1,1494,1494,no
KaFFPa-StrongS*,PGPgiantcompo.graph,no,2,16,0.03,1,0.02844000000000002,2.7303,km1,1501,1501,no
KaFFPa-StrongS*,PGPgiantcompo.graph,no,3,16,0.03,1,0.02844000000000002,1.40458,km1,1516,1516,no
KaFFPa-StrongS*,PGPgiantcompo.graph,no,4,16,0.03,1,0.02844000000000002,1.9573,km1,1506,1506,no
KaFFPa-StrongS*,PGPgiantcompo.graph,no,5,16,0.03,1,0.02844000000000002,1.79174,km1,1480,1480,no
KaFFPa-StrongS*,PGPgiantcompo.graph,no,6,16,0.03,1,0.02844000000000002,2.65835,km1,1516,1516,no
KaFFPa-StrongS*,PGPgiantcompo.graph,no,7,16,0.03,1,0.02844000000000002,1.99079,km1,1516,1516,no
KaFFPa-StrongS*,PGPgiantcompo.graph,no,8,16,0.03,1,0.02844000000000002,2.39499,km1,1483,1483,no
KaFFPa-StrongS*,PGPgiantcompo.graph,no,9,16,0.03,1,0.02844000000000002,1.735,km1,1500,1500,no
KaFFPa-StrongS*,PGPgiantcompo.graph,no,10,2,0.03,1,0.028839999999999977,0.692223,km1,374,374,no
KaFFPa-StrongS*,PGPgiantcompo.graph,no,1,2,0.03,1,0.025090000000000057,0.438551,km1,368,368,no
KaFFPa-StrongS*,PGPgiantcompo.graph,no,2,2,0.03,1,0.02171999999999996,0.719114,km1,369,369,no
KaFFPa-StrongS*,PGPgiantcompo.graph,no,3,2,0.03,1,0.029209999999999958,0.47337,km1,368,368,no
KaFFPa-StrongS*,PGPgiantcompo.graph,no,4,2,0.03,1,0.02845999999999993,0.705142,km1,370,370,no
KaFFPa-StrongS*,PGPgiantcompo.graph,no,5,2,0.03,1,0.01479000000000008,0.5015,km1,370,370,no
KaFFPa-StrongS*,PGPgiantcompo.graph,no,6,2,0.03,1,0.025660000000000016,0.671552,km1,358,358,no
KaFFPa-StrongS*,PGPgiantcompo.graph,no,7,2,0.03,1,0.029779999999999918,0.476411,km1,368,368,no
KaFFPa-StrongS*,PGPgiantcompo.graph,no,8,2,0.03,1,0.02639999999999998,0.712516,km1,368,368,no
KaFFPa-StrongS*,PGPgiantcompo.graph,no,9,2,0.03,1,0.02434000000000003,0.465855,km1,366,366,no
KaFFPa-StrongS*,PGPgiantcompo.graph,no,10,32,0.03,1,0.02695000000000003,3.48714,km1,2060,2060,no
KaFFPa-StrongS*,PGPgiantcompo.graph,no,1,32,0.03,1,0.02695000000000003,2.85739,km1,2076,2076,no
KaFFPa-StrongS*,PGPgiantcompo.graph,no,2,32,0.03,1,0.02695000000000003,3.64457,km1,2045,2045,no
KaFFPa-StrongS*,PGPgiantcompo.graph,no,3,32,0.03,1,0.02695000000000003,3.75842,km1,2091,2091,no
KaFFPa-StrongS*,PGPgiantcompo.graph,no,4,32,0.03,1,0.02695000000000003,3.98814,km1,2084,2084,no
KaFFPa-StrongS*,PGPgiantcompo.graph,no,5,32,0.03,1,0.02695000000000003,3.61918,km1,2108,2108,no
KaFFPa-StrongS*,PGPgiantcompo.graph,no,6,32,0.03,1,0.02695000000000003,4.27387,km1,2052,2052,no
KaFFPa-StrongS*,PGPgiantcompo.graph,no,7,32,0.03,1,0.02695000000000003,4.00258,km1,2057,2057,no
KaFFPa-StrongS*,PGPgiantcompo.graph,no,8,32,0.03,1,0.02695000000000003,3.56462,km1,2096,2096,no
KaFFPa-StrongS*,PGPgiantcompo.graph,no,9,32,0.03,1,0.02695000000000003,3.63922,km1,2108,2108,no
KaFFPa-StrongS*,PGPgiantcompo.graph,no,10,4,0.03,1,0.02733999999999992,0.863962,km1,657,657,no
KaFFPa-StrongS*,PGPgiantcompo.graph,no,1,4,0.03,1,0.02845999999999993,0.65305,km1,674,674,no
KaFFPa-StrongS*,PGPgiantcompo.graph,no,2,4,0.03,1,0.029590000000000005,0.955395,km1,663,663,no
KaFFPa-StrongS*,PGPgiantcompo.graph,no,3,4,0.03,1,0.028839999999999977,0.7804,km1,674,674,no
KaFFPa-StrongS*,PGPgiantcompo.graph,no,4,4,0.03,1,0.02845999999999993,0.933754,km1,654,654,no
KaFFPa-StrongS*,PGPgiantcompo.graph,no,5,4,0.03,1,0.029590000000000005,0.688468,km1,662,662,no
KaFFPa-StrongS*,PGPgiantcompo.graph,no,6,4,0.03,1,0.023970000000000047,0.861684,km1,665,665,no
KaFFPa-StrongS*,PGPgiantcompo.graph,no,7,4,0.03,1,0.027719999999999967,0.683684,km1,678,678,no
KaFFPa-StrongS*,PGPgiantcompo.graph,no,8,4,0.03,1,0.029209999999999958,0.890269,km1,676,676,no
KaFFPa-StrongS*,PGPgiantcompo.graph,no,9,4,0.03,1,0.028839999999999977,0.751181,km1,671,671,no
KaFFPa-StrongS*,PGPgiantcompo.graph,no,10,64,0.03,1,0.029940000000000078,5.70185,km1,2843,2843,no
KaFFPa-StrongS*,PGPgiantcompo.graph,no,1,64,0.03,1,0.029940000000000078,5.28462,km1,2840,2840,no
KaFFPa-StrongS*,PGPgiantcompo.graph,no,2,64,0.03,1,0.029940000000000078,5.67838,km1,2907,2907,no
KaFFPa-StrongS*,PGPgiantcompo.graph,no,3,64,0.03,1,0.029940000000000078,5.81714,km1,2899,2899,no
KaFFPa-StrongS*,PGPgiantcompo.graph,no,4,64,0.03,1,0.029940000000000078,6.26847,km1,2863,2863,no
KaFFPa-StrongS*,PGPgiantcompo.graph,no,5,64,0.03,1,0.029940000000000078,5.74071,km1,2839,2839,no
KaFFPa-StrongS*,PGPgiantcompo.graph,no,6,64,0.03,1,0.029940000000000078,5.03519,km1,2857,2857,no
KaFFPa-StrongS*,PGPgiantcompo.graph,no,7,64,0.03,1,0.029940000000000078,5.61263,km1,2894,2894,no
KaFFPa-StrongS*,PGPgiantcompo.graph,no,8,64,0.03,1,0.029940000000000078,4.78014,km1,2881,2881,no
KaFFPa-StrongS*,PGPgiantcompo.graph,no,9,64,0.03,1,0.029940000000000078,5.51444,km1,2870,2870,no
KaFFPa-StrongS*,PGPgiantcompo.graph,no,10,8,0.03,1,0.02845999999999993,1.44859,km1,992,992,no
KaFFPa-StrongS*,PGPgiantcompo.graph,no,1,8,0.03,1,0.029209999999999958,1.04821,km1,981,981,no
KaFFPa-StrongS*,PGPgiantcompo.graph,no,2,8,0.03,1,0.02845999999999993,1.3784,km1,979,979,no
KaFFPa-StrongS*,PGPgiantcompo.graph,no,3,8,0.03,1,0.02845999999999993,1.07187,km1,985,985,no
KaFFPa-StrongS*,PGPgiantcompo.graph,no,4,8,0.03,1,0.027719999999999967,1.31235,km1,1000,1000,no
KaFFPa-StrongS*,PGPgiantcompo.graph,no,5,8,0.03,1,0.029209999999999958,0.989574,km1,989,989,no
KaFFPa-StrongS*,PGPgiantcompo.graph,no,6,8,0.03,1,0.02845999999999993,1.36011,km1,981,981,no
KaFFPa-StrongS*,PGPgiantcompo.graph,no,7,8,0.03,1,0.029209999999999958,0.971519,km1,1002,1002,no
KaFFPa-StrongS*,PGPgiantcompo.graph,no,8,8,0.03,1,0.027719999999999967,1.36555,km1,982,982,no
KaFFPa-StrongS*,PGPgiantcompo.graph,no,9,8,0.03,1,0.029209999999999958,0.926609,km1,986,986,no
